-- phpMyAdmin SQL Dump
-- version 4.6.4
-- https://www.phpmyadmin.net/
--
-- Host: teamoarsome.cakewood.net
-- Generation Time: Feb 04, 2017 at 11:51 AM
-- Server version: 5.6.25-log
-- PHP Version: 7.1.0

SET SQL_MODE = "NO_AUTO_VALUE_ON_ZERO";
SET time_zone = "+00:00";


/*!40101 SET @OLD_CHARACTER_SET_CLIENT=@@CHARACTER_SET_CLIENT */;
/*!40101 SET @OLD_CHARACTER_SET_RESULTS=@@CHARACTER_SET_RESULTS */;
/*!40101 SET @OLD_COLLATION_CONNECTION=@@COLLATION_CONNECTION */;
/*!40101 SET NAMES utf8mb4 */;

--
-- Database: `teamoarsome`
--

-- --------------------------------------------------------

--
-- Table structure for table `athlete`
--

CREATE TABLE `athlete` (
  `Id` int(11) NOT NULL,
  `Name` varchar(50) NOT NULL,
  `Gender` char(1) NOT NULL
) ENGINE=MyISAM DEFAULT CHARSET=latin1;

--
-- Dumping data for table `athlete`
--

INSERT INTO `athlete` (`Id`, `Name`, `Gender`) VALUES
(1, 'Gregory', 'M'),
(2, 'Arlene', 'F'),
(14, 'Lee', 'M'),
(4, 'Dave C', 'M'),
(5, 'Adrian', 'M'),
(6, 'Rocky', 'M'),
(7, 'Andy B', 'M'),
(8, 'Larry', 'M'),
(9, 'Kay', 'F'),
(11, 'Si', 'M'),
(12, 'Navigation Hazard', 'M'),
(13, 'Dave Speed', 'M'),
(15, 'Stupefaction', 'M'),
(16, 'Danny', 'M'),
(17, 'Olly', 'M'),
(18, 'Stu', 'M'),
(19, 'JulesT', 'M'),
(20, 'toddler', 'M'),
(21, 'Lancs', 'M'),
(22, 'Rocket', 'M'),
(23, 'George', 'M'),
(24, 'MattN', 'M'),
(25, 'Harry', 'M'),
(26, 'Graham', 'M'),
(27, 'Emma', 'M'),
(28, 'MarkP', 'M'),
(29, 'Jane', 'M'),
(30, 'ausrwr', 'M'),
(31, 'Elchem', 'M'),
(32, 'jvb', 'M'),
(33, 'Hannah', 'M'),
(34, 'LilSis', 'M'),
(35, 'MikeVB', 'M'),
(36, 'JudyT', 'M'),
(37, 'Matteo', 'M'),
(38, 'ASH', 'M'),
(39, 'SteveV', 'M'),
(40, 'Damon', 'M'),
(41, 'Hewitt', 'M'),
(42, 'Claire', 'M'),
(43, 'Fiona', 'M'),
(44, 'Gittus', 'M'),
(45, 'JohnVB', 'M'),
(46, 'Phil', 'M'),
(47, 'MaryVB', 'M'),
(48, 'EmmaD', 'F'),
(49, 'MorganS', 'M'),
(50, 'mcblake', 'M'),
(51, 'Gerald', 'M'),
(52, 'Chris', 'M'),
(53, 'Jamie', 'M'),
(54, 'Fay', 'F'),
(55, 'Liam', 'M'),
(56, 'Peter', 'M'),
(57, 'Olivia', ''),
(58, 'Maria', 'F'),
(59, 'Catherine', 'F'),
(60, 'Tom', 'M');

-- --------------------------------------------------------

--
-- Table structure for table `attempt`
--

CREATE TABLE `attempt` (
  `Id` int(11) NOT NULL,
  `AthleteId` int(11) NOT NULL,
  `ChallengeId` int(11) NOT NULL,
  `Distance` int(11) NOT NULL,
  `Time` decimal(6,1) NOT NULL,
  `Weight` enum('L','H') NOT NULL,
  `Entered` timestamp NOT NULL DEFAULT CURRENT_TIMESTAMP,
  `SPM` int(11) NOT NULL,
  `PacePoints` int(11) NOT NULL DEFAULT '0',
  `GainPoints` int(11) NOT NULL DEFAULT '0',
  `Gain` float DEFAULT NULL
) ENGINE=MyISAM DEFAULT CHARSET=latin1;

--
-- Dumping data for table `attempt`
--

INSERT INTO `attempt` (`Id`, `AthleteId`, `ChallengeId`, `Distance`, `Time`, `Weight`, `Entered`, `SPM`, `PacePoints`, `GainPoints`, `Gain`) VALUES
(21, 5, 17, 15000, '3953.0', 'H', '2014-04-24 13:34:19', 24, 2, 0, NULL),
(22, 2, 16, 7007, '1800.0', 'L', '2014-04-27 01:38:27', 26, 2, 0, NULL),
(20, 6, 17, 15000, '3327.1', 'H', '2014-04-24 13:32:53', 22, 3, 0, NULL),
(11, 4, 16, 8300, '1800.0', 'H', '2014-04-20 18:59:59', 31, 6, 1, 20.4337),
(12, 6, 16, 8345, '1800.0', 'H', '2014-04-21 18:57:28', 24, 8, 0, NULL),
(119, 1, 16, 8213, '1800.0', 'L', '2014-06-03 00:30:16', 25, 5, 0, NULL),
(14, 7, 16, 8138, '1800.0', 'H', '2014-04-22 09:32:57', 25, 3, 0, NULL),
(15, 8, 16, 8195, '1800.0', 'H', '2014-04-22 09:33:10', 27, 4, 0, NULL),
(16, 9, 16, 6766, '1800.0', 'H', '2014-04-23 11:18:03', 28, 1, 2, 15.918),
(91, 4, 17, 15000, '3318.0', 'H', '2014-05-29 18:01:42', 25, 4, 0, NULL),
(18, 9, 17, 15000, '4210.1', 'H', '2014-04-24 13:30:21', 27, 1, 0, NULL),
(109, 4, 18, 8456, '1800.0', 'H', '2014-06-03 00:25:48', 27, 4, 2, -4.1667),
(24, 9, 18, 6799, '1800.0', 'H', '2014-04-28 04:41:54', 27, 1, 4, -7.96426),
(93, 6, 18, 8554, '1800.0', 'H', '2014-05-29 18:02:04', 24, 5, 3, -5.68939),
(26, 5, 18, 6997, '1800.0', 'H', '2014-04-28 04:43:09', 24, 2, 1, -3.14012),
(27, 7, 18, 8377, '1800.0', 'H', '2014-04-28 04:43:29', 27, 3, 0, NULL),
(110, 4, 19, 10000, '2191.1', 'H', '2014-06-03 00:26:26', 25, 3, 2, 3.1217),
(29, 9, 19, 10000, '2842.0', 'H', '2014-04-28 04:45:02', 27, 1, 1, 9.72759),
(30, 5, 19, 10000, '2364.0', 'H', '2014-04-28 04:45:44', 25, 2, 3, -10.4265),
(59, 11, 16, 8342, '1800.0', 'H', '2014-04-29 17:08:35', 20, 7, 0, NULL),
(111, 4, 20, 5031, '1020.0', 'H', '2014-06-03 00:26:52', 27, 3, 1, -8.1835),
(33, 9, 20, 4003, '1020.0', 'H', '2014-04-28 04:48:03', 29, 1, 2, -14.6955),
(95, 6, 20, 5050, '1020.0', 'H', '2014-05-29 18:03:07', 24, 4, 0, NULL),
(36, 7, 20, 4972, '1020.0', 'H', '2014-04-28 04:51:02', 30, 2, 0, NULL),
(37, 4, 21, 6000, '1278.0', 'H', '2014-04-28 04:51:46', 30, 4, 4, 5.1285),
(38, 9, 21, 6000, '1654.1', 'H', '2014-04-28 04:52:39', 25, 1, 2, 10.4372),
(112, 6, 21, 6000, '1275.0', 'H', '2014-06-03 00:27:22', 24, 5, 3, 5.2599),
(40, 5, 21, 6000, '1439.1', 'H', '2014-04-28 04:53:42', 20, 2, 0, NULL),
(41, 7, 21, 6000, '1383.1', 'H', '2014-04-28 04:54:13', 20, 3, 1, 12.6839),
(97, 4, 22, 5192, '600.0', 'H', '2014-05-29 18:04:13', 28, 3, 3, -48.7188),
(43, 9, 22, 2525, '600.0', 'H', '2014-04-28 04:55:00', 33, 1, 2, -19.0298),
(113, 5, 22, 2891, '600.0', 'H', '2014-06-03 00:27:48', 28, 2, 1, -16.1547),
(114, 4, 23, 3000, '610.0', 'H', '2014-06-03 00:28:14', 29, 3, 1, 43.8855),
(46, 9, 23, 3000, '755.1', 'H', '2014-04-28 04:58:32', 29, 1, 2, 7.03812),
(47, 5, 23, 3000, '648.0', 'H', '2014-04-28 04:59:04', 28, 2, 3, 4.22968),
(98, 7, 23, 3000, '604.0', 'H', '2014-05-29 18:04:54', 30, 4, 0, NULL),
(115, 4, 24, 7959, '1800.0', 'H', '2014-06-03 00:28:33', 20, 2, 2, 11.4129),
(116, 4, 25, 4000, '775.1', 'H', '2014-06-03 00:29:04', 32, 2, 1, -16.192),
(117, 4, 26, 2000, '396.5', 'H', '2014-06-03 00:29:31', 32, 4, 1, 2.2375),
(118, 4, 27, 500, '88.0', 'H', '2014-06-03 00:29:54', 45, 2, 2, -11.125),
(101, 1, 26, 2000, '413.1', 'L', '2014-05-29 18:06:37', 29, 3, 0, NULL),
(58, 2, 26, 2000, '463.0', 'L', '2014-04-28 13:28:18', 32, 2, 0, NULL),
(60, 6, 28, 9000, '1924.0', 'H', '2014-05-01 19:12:05', 22, 7, 0, NULL),
(105, 1, 28, 9000, '1967.5', 'L', '2014-06-01 20:07:02', 26, 5, 0, NULL),
(62, 9, 27, 500, '117.1', 'H', '2014-05-02 07:22:08', 39, 1, 1, -7.175),
(63, 9, 26, 2000, '497.1', 'H', '2014-05-02 07:23:17', 31, 1, 2, -3.6),
(64, 9, 25, 4000, '1023.0', 'H', '2014-05-02 07:25:17', 35, 1, 2, -17.38),
(65, 9, 24, 6196, '1800.0', 'H', '2014-05-02 07:26:33', 20, 1, 1, 19.405),
(66, 8, 28, 9000, '1976.0', 'H', '2014-05-04 12:45:45', 26, 4, 0, NULL),
(85, 4, 28, 9000, '1944.2', 'H', '2014-05-09 16:56:51', 30, 6, 0, NULL),
(120, 11, 28, 9000, '1852.9', 'H', '2014-06-03 00:30:46', 24, 8, 0, NULL),
(88, 9, 28, 9000, '2511.9', 'H', '2014-05-25 19:55:33', 27, 1, 0, NULL),
(92, 7, 28, 9000, '2013.0', 'H', '2014-05-29 18:02:02', 24, 3, 0, NULL),
(103, 2, 28, 9000, '2410.5', 'L', '2014-05-31 22:48:50', 24, 2, 0, NULL),
(125, 1, 29, 2400, '453.3', 'L', '2014-06-17 01:14:18', 36, 4, 1, -14.8681),
(122, 7, 29, 2400, '448.8', 'H', '2014-06-03 00:32:35', 36, 5, 5, -18.3333),
(123, 4, 29, 2400, '430.5', 'H', '2014-06-03 15:29:09', 43, 6, 4, -18.3236),
(124, 12, 29, 2400, '481.0', 'H', '2014-06-04 22:40:44', 24, 3, 0, NULL),
(126, 11, 29, 2400, '417.5', 'H', '2014-06-20 15:26:15', 38, 7, 2, -15.9597),
(127, 2, 29, 2400, '535.4', 'L', '2014-06-23 00:47:56', 34, 2, 6, -22.375),
(128, 9, 29, 2400, '589.0', 'H', '2014-06-30 15:58:52', 30, 1, 3, -16.8417),
(129, 4, 30, 750, '140.9', 'H', '2014-07-06 15:26:49', 40, 4, 2, 4.24583),
(131, 1, 30, 750, '145.3', 'L', '2014-07-16 00:32:26', 34, 3, 3, 2.42917),
(132, 2, 30, 750, '180.1', 'L', '2014-07-26 20:47:45', 29, 2, 1, 8.525),
(133, 9, 30, 750, '181.8', 'H', '2014-07-31 07:33:44', 32, 1, 4, -1.50833),
(134, 7, 31, 5000, '1140.0', 'H', '2014-08-05 13:22:25', 23, 3, 0, NULL),
(135, 1, 31, 5000, '1055.2', 'L', '2014-08-06 19:43:09', 29, 5, 4, 8.65333),
(136, 4, 31, 5000, '1048.2', 'H', '2014-08-14 15:36:10', 32, 6, 3, 10.8867),
(139, 6, 31, 5000, '1078.7', 'H', '2014-08-21 18:17:21', 24, 4, 0, NULL),
(138, 9, 31, 5000, '1381.0', 'H', '2014-08-21 09:13:40', 26, 1, 1, 16.9),
(140, 2, 31, 5000, '1349.4', 'L', '2014-08-28 23:24:54', 24, 2, 2, 14.8733),
(147, 1, 32, 15802, '3600.0', 'L', '2014-09-29 00:51:11', 22, 3, 1, 8.38963),
(142, 2, 32, 13160, '3600.0', 'L', '2014-09-11 05:08:14', 23, 2, 5, 1.83812),
(143, 4, 32, 16444, '3600.0', 'H', '2014-09-11 17:31:18', 29, 5, 3, 4.64242),
(145, 6, 32, 15987, '3600.0', 'H', '2014-09-12 17:56:29', 22, 4, 2, 4.72148),
(146, 9, 32, 12661, '3600.0', 'H', '2014-09-26 13:56:25', 25, 1, 4, 4.06887),
(153, 4, 33, 11404, '2520.0', 'H', '2014-10-19 17:39:49', 23, 4, 2, 1.02513),
(149, 6, 33, 11554, '2520.0', 'H', '2014-10-09 18:12:31', 23, 6, 4, -3.53834),
(155, 1, 33, 11411, '2520.0', 'L', '2014-10-30 01:00:10', 23, 5, 3, -3.48986),
(151, 9, 33, 8406, '2520.0', 'H', '2014-10-16 15:12:06', 22, 1, 1, 7.72406),
(154, 2, 33, 9639, '2520.0', 'L', '2014-10-26 01:58:52', 23, 2, 5, -6.05917),
(156, 13, 33, 10077, '2520.0', 'H', '2014-10-31 10:34:21', 24, 3, 0, NULL),
(161, 1, 34, 8000, '1693.1', 'L', '2014-11-08 20:09:50', 27, 6, 3, -4.60102),
(158, 13, 34, 8000, '1890.5', 'H', '2014-11-03 19:38:29', 25, 3, 5, -6.88096),
(159, 7, 34, 8000, '1744.0', 'H', '2014-11-06 08:47:20', 26, 4, 0, NULL),
(160, 6, 34, 8000, '1676.2', 'H', '2014-11-06 17:52:03', 26, 7, 2, -4.29064),
(162, 4, 34, 8000, '1735.8', 'H', '2014-11-14 21:23:10', 24, 5, 1, -2.00005),
(163, 11, 34, 8000, '1628.0', 'H', '2014-11-28 18:28:53', 24, 8, 0, NULL),
(164, 2, 34, 8000, '2011.8', 'L', '2014-11-29 19:23:49', 26, 2, 4, -4.98145),
(165, 9, 34, 8000, '2219.6', 'H', '2014-11-30 16:00:08', 29, 1, 6, -11.1679),
(166, 2, 35, 1000, '238.0', 'L', '2014-12-17 01:16:40', 29, 2, 2, -6.7375),
(167, 4, 35, 1000, '191.4', 'H', '2014-12-20 17:38:17', 32, 5, 5, -12.7875),
(168, 1, 35, 1000, '198.1', 'L', '2014-12-23 21:39:53', 33, 4, 3, -6.76875),
(169, 13, 35, 1000, '218.2', 'H', '2014-12-26 05:48:56', 28, 3, 4, -9.05625),
(170, 9, 35, 1000, '273.0', 'H', '2014-12-28 17:39:54', 28, 1, 1, -2.225),
(171, 7, 36, 4000, '815.6', 'H', '2015-01-05 12:09:36', 33, 4, 0, NULL),
(172, 1, 36, 4000, '796.1', 'L', '2015-01-06 01:38:56', 33, 5, 2, 0.4625),
(173, 4, 36, 4000, '780.7', 'H', '2015-01-07 16:51:27', 31, 6, 1, 1.8875),
(174, 2, 36, 4000, '920.6', 'L', '2015-01-28 03:30:58', 32, 2, 4, -3.925),
(175, 9, 36, 4000, '1028.8', 'H', '2015-01-28 16:55:37', 33, 1, 5, -7.9),
(176, 13, 36, 4000, '861.0', 'H', '2015-01-31 04:07:53', 29, 3, 3, -1.475),
(177, 7, 38, 3046, '600.0', 'H', '2015-02-05 08:56:56', 32, 4, 4, -3.46018),
(178, 13, 38, 2901, '600.0', 'H', '2015-02-06 12:51:05', 33, 3, 5, -4.21238),
(184, 1, 38, 3081, '600.0', 'L', '2015-02-13 01:33:33', 32, 5, 1, -2.14152),
(180, 4, 38, 3159, '600.0', 'H', '2015-02-11 16:45:42', 33, 7, 3, -2.62074),
(183, 12, 38, 3205, '600.0', 'H', '2015-02-12 22:57:24', 32, 8, 0, NULL),
(992, 15, 38, 3097, '600.0', 'H', '2015-02-23 23:52:34', 33, 6, 0, NULL),
(185, 2, 38, 2667, '600.0', 'L', '2015-02-13 02:45:59', 33, 2, 2, -2.58906),
(187, 16, 39, 8714, '1800.0', 'H', '2015-02-22 05:59:33', 20, 25, 0, NULL),
(188, 11, 39, 8531, '1800.0', 'H', '2015-02-22 05:59:33', 20, 24, 0, NULL),
(189, 17, 39, 8327, '1800.0', 'H', '2015-02-22 05:59:33', 20, 23, 0, NULL),
(190, 18, 39, 8286, '1800.0', 'H', '2015-02-22 05:59:33', 20, 22, 0, NULL),
(191, 1, 39, 8244, '1800.0', 'H', '2015-02-22 05:59:33', 20, 21, 0, NULL),
(192, 6, 39, 8232, '1800.0', 'H', '2015-02-22 05:59:33', 20, 20, 0, NULL),
(193, 19, 39, 8187, '1800.0', 'H', '2015-02-22 05:59:33', 20, 19, 0, NULL),
(194, 12, 39, 8186, '1800.0', 'H', '2015-02-22 05:59:33', 18, 18, 0, NULL),
(195, 4, 39, 8136, '1800.0', 'H', '2015-02-22 05:59:33', 20, 17, 0, NULL),
(196, 7, 39, 8044, '1800.0', 'H', '2015-02-22 05:59:33', 20, 16, 0, NULL),
(197, 20, 39, 7974, '1800.0', 'H', '2015-02-22 05:59:33', 20, 15, 0, NULL),
(198, 21, 39, 7910, '1800.0', 'H', '2015-02-22 05:59:33', 20, 14, 0, NULL),
(199, 15, 39, 7909, '1800.0', 'H', '2015-02-22 05:59:33', 20, 13, 0, NULL),
(200, 22, 39, 7903, '1800.0', 'H', '2015-02-22 05:59:33', 20, 12, 0, NULL),
(201, 23, 39, 7772, '1800.0', 'H', '2015-02-22 05:59:33', 20, 11, 0, NULL),
(202, 5, 39, 7699, '1800.0', 'H', '2015-02-22 05:59:33', 19, 10, 0, NULL),
(203, 24, 39, 7698, '1800.0', 'H', '2015-02-22 05:59:33', 20, 9, 0, NULL),
(204, 25, 39, 7607, '1800.0', 'H', '2015-02-22 05:59:33', 20, 8, 0, NULL),
(205, 13, 39, 7563, '1800.0', 'H', '2015-02-22 05:59:33', 19, 7, 0, NULL),
(206, 26, 39, 7542, '1800.0', 'H', '2015-02-22 05:59:33', 20, 6, 0, NULL),
(207, 27, 39, 7175, '1800.0', 'H', '2015-02-22 05:59:33', 20, 5, 0, NULL),
(208, 2, 39, 6728, '1800.0', 'H', '2015-02-22 05:59:33', 20, 4, 0, NULL),
(209, 28, 39, 6720, '1800.0', 'H', '2015-02-22 05:59:33', 20, 3, 0, NULL),
(210, 9, 39, 6667, '1800.0', 'H', '2015-02-22 05:59:33', 20, 2, 0, NULL),
(211, 29, 39, 6438, '1800.0', 'H', '2015-02-22 05:59:33', 20, 1, 0, NULL),
(212, 30, 40, 4000, '738.0', 'H', '2015-02-22 05:59:33', 30, 22, 0, NULL),
(213, 11, 40, 4000, '774.8', 'H', '2015-02-22 05:59:33', 29, 21, 2, -8.6476),
(214, 18, 40, 4000, '780.7', 'H', '2015-02-22 05:59:33', 33, 20, 5, -11.0294),
(215, 19, 40, 4000, '781.6', 'H', '2015-02-22 05:59:33', 27, 19, 12, -12.2304),
(216, 1, 40, 4000, '784.8', 'H', '2015-02-22 05:59:33', 32, 18, 6, -11.0703),
(217, 4, 40, 4000, '792.3', 'H', '2015-02-22 05:59:33', 30, 17, 9, -11.582),
(218, 22, 40, 4000, '810.6', 'H', '2015-02-22 05:59:33', 33, 16, 14, -12.5558),
(219, 20, 40, 4000, '819.8', 'H', '2015-02-22 05:59:33', 29, 15, 4, -10.3918),
(220, 5, 40, 4000, '833.1', 'H', '2015-02-22 05:59:33', 29, 14, 15, -12.7608),
(221, 15, 40, 4000, '836.4', 'H', '2015-02-22 05:59:33', 26, 13, 3, -9.24441),
(222, 24, 40, 4000, '843.4', 'H', '2015-02-22 05:59:33', 32, 12, 8, -11.4885),
(223, 26, 40, 4000, '857.8', 'H', '2015-02-22 05:59:33', 31, 11, 11, -12.1067),
(224, 31, 40, 4000, '864.8', 'H', '2015-02-22 05:59:33', 26, 10, 0, NULL),
(225, 13, 40, 4000, '899.5', 'H', '2015-02-22 05:59:33', 27, 9, 1, -6.5629),
(226, 32, 40, 4000, '902.7', 'H', '2015-02-22 05:59:33', 30, 8, 0, NULL),
(227, 27, 40, 4000, '913.6', 'H', '2015-02-22 05:59:33', 28, 7, 7, -11.2355),
(228, 33, 40, 4000, '920.4', 'H', '2015-02-22 05:59:33', 29, 6, 0, NULL),
(229, 2, 40, 4000, '923.1', 'H', '2015-02-22 05:59:33', 30, 5, 17, -18.3818),
(230, 34, 40, 4000, '944.0', 'H', '2015-02-22 05:59:33', 29, 4, 0, NULL),
(231, 28, 40, 4000, '958.3', 'H', '2015-02-22 05:59:33', 28, 3, 16, -14.1411),
(232, 9, 40, 4000, '980.9', 'H', '2015-02-22 05:59:33', 28, 2, 13, -12.3807),
(233, 29, 40, 4000, '1023.0', 'H', '2015-02-22 05:59:33', 29, 1, 10, -11.92),
(234, 4, 41, 2000, '387.3', 'H', '2015-02-22 05:59:33', 34, 24, 17, -2.2125),
(235, 19, 41, 2000, '387.5', 'H', '2015-02-22 05:59:33', 29, 23, 13, -0.825),
(236, 12, 41, 2000, '387.5', 'H', '2015-02-22 05:59:33', 31, 23, 0, NULL),
(237, 18, 41, 2000, '389.9', 'H', '2015-02-22 05:59:33', 33, 21, 9, -0.1125),
(238, 1, 41, 2000, '395.8', 'H', '2015-02-22 05:59:33', 32, 20, 6, 0.85),
(239, 20, 41, 2000, '401.7', 'H', '2015-02-22 05:59:33', 30, 19, 14, -2.05),
(240, 22, 41, 2000, '403.8', 'H', '2015-02-22 05:59:33', 34, 18, 11, -0.375),
(241, 11, 41, 2000, '404.2', 'H', '2015-02-22 05:59:33', 23, 17, 4, 4.2),
(242, 35, 41, 2000, '410.0', 'H', '2015-02-22 05:59:33', 34, 16, 0, NULL),
(243, 15, 41, 2000, '415.9', 'H', '2015-02-22 05:59:33', 28, 15, 12, -0.575),
(244, 7, 41, 2000, '417.4', 'H', '2015-02-22 05:59:33', 30, 14, 0, NULL),
(245, 23, 41, 2000, '424.9', 'H', '2015-02-22 05:59:33', 28, 13, 0, NULL),
(246, 24, 41, 2000, '426.4', 'H', '2015-02-22 05:59:33', 31, 12, 5, 1.175),
(247, 5, 41, 2000, '435.5', 'H', '2015-02-22 05:59:33', 26, 11, 3, 4.7375),
(248, 13, 41, 2000, '436.0', 'H', '2015-02-22 05:59:33', 28, 10, 18, -3.4375),
(249, 6, 41, 2000, '441.8', 'H', '2015-02-22 05:59:33', 20, 9, 0, NULL),
(250, 27, 41, 2000, '448.0', 'H', '2015-02-22 05:59:33', 27, 8, 16, -2.2),
(251, 30, 41, 2000, '449.3', 'H', '2015-02-22 05:59:33', 19, 7, 1, 20.075),
(252, 33, 41, 2000, '451.6', 'H', '2015-02-22 05:59:33', 27, 6, 15, -2.15),
(253, 2, 41, 2000, '460.2', 'H', '2015-02-22 05:59:33', 32, 5, 10, -0.3375),
(254, 9, 41, 2000, '492.2', 'H', '2015-02-22 05:59:33', 27, 4, 7, 0.4375),
(255, 28, 41, 2000, '505.8', 'H', '2015-02-22 05:59:33', 28, 3, 2, 6.6625),
(256, 36, 41, 2000, '509.8', 'H', '2015-02-22 05:59:33', 27, 2, 0, NULL),
(257, 29, 41, 2000, '513.2', 'H', '2015-02-22 05:59:33', 29, 1, 8, 0.425),
(258, 37, 42, 1000, '175.0', 'H', '2015-02-22 05:59:33', 33, 22, 0, NULL),
(259, 30, 42, 1000, '175.2', 'H', '2015-02-22 05:59:33', 36, 21, 20, -24.725),
(260, 17, 42, 1000, '177.6', 'H', '2015-02-22 05:59:33', 34, 20, 0, NULL),
(261, 19, 42, 1000, '187.0', 'H', '2015-02-22 05:59:33', 30, 19, 8, -3.375),
(262, 20, 42, 1000, '188.1', 'H', '2015-02-22 05:59:33', 33, 18, 13, -6.375),
(263, 18, 42, 1000, '189.5', 'H', '2015-02-22 05:59:33', 38, 17, 7, -2.725),
(264, 12, 42, 1000, '189.9', 'H', '2015-02-22 05:59:33', 25, 16, 6, -1.925),
(265, 4, 42, 1000, '190.2', 'H', '2015-02-22 05:59:33', 34, 15, 5, -1.725),
(266, 11, 42, 1000, '192.0', 'H', '2015-02-22 05:59:33', 28, 14, 10, -5.05),
(267, 7, 42, 1000, '193.1', 'H', '2015-02-22 05:59:33', 34, 13, 16, -7.8),
(268, 1, 42, 1000, '195.8', 'H', '2015-02-22 05:59:33', 31, 12, 2, -1.05),
(269, 13, 42, 1000, '196.7', 'H', '2015-02-22 05:59:33', 34, 11, 19, -10.65),
(270, 5, 42, 1000, '197.1', 'H', '2015-02-22 05:59:33', 30, 10, 18, -10.325),
(271, 15, 42, 1000, '198.7', 'H', '2015-02-22 05:59:33', 32, 9, 9, -4.625),
(272, 24, 42, 1000, '202.6', 'H', '2015-02-22 05:59:33', 34, 8, 11, -5.3),
(273, 27, 42, 1000, '210.1', 'H', '2015-02-22 05:59:33', 31, 7, 15, -6.95),
(274, 33, 42, 1000, '212.1', 'H', '2015-02-22 05:59:33', 31, 6, 14, -6.85),
(275, 2, 42, 1000, '227.9', 'H', '2015-02-22 05:59:33', 31, 5, 3, -1.1),
(276, 9, 42, 1000, '233.6', 'H', '2015-02-22 05:59:33', 28, 4, 12, -6.25),
(277, 36, 42, 1000, '237.6', 'H', '2015-02-22 05:59:33', 29, 3, 17, -8.65),
(278, 29, 42, 1000, '253.7', 'H', '2015-02-22 05:59:33', 30, 2, 4, -1.45),
(279, 6, 42, 1000, '275.7', 'H', '2015-02-22 05:59:33', 20, 1, 1, 27.4),
(280, 17, 43, 6000, '1206.3', 'H', '2015-02-22 05:59:33', 27, 21, 8, 11.725),
(281, 18, 43, 6000, '1233.2', 'H', '2015-02-22 05:59:33', 29, 20, 14, 8.01667),
(282, 16, 43, 6000, '1233.2', 'H', '2015-02-22 05:59:33', 25, 20, 0, NULL),
(283, 4, 43, 6000, '1245.8', 'H', '2015-02-22 05:59:33', 27, 18, 13, 8.71667),
(284, 1, 43, 6000, '1268.4', 'H', '2015-02-22 05:59:33', 27, 17, 15, 7.8),
(285, 6, 43, 6000, '1269.8', 'H', '2015-02-22 05:59:33', 24, 16, 17, -32.0333),
(286, 19, 43, 6000, '1271.9', 'H', '2015-02-22 05:59:33', 22, 15, 7, 12.4917),
(287, 30, 43, 6000, '1282.9', 'H', '2015-02-22 05:59:33', 18, 14, 2, 19.3083),
(288, 38, 43, 6000, '1284.3', 'H', '2015-02-22 05:59:33', 26, 13, 0, NULL),
(289, 15, 43, 6000, '1300.8', 'H', '2015-02-22 05:59:33', 27, 12, 12, 9.05),
(290, 31, 43, 6000, '1323.6', 'H', '2015-02-22 05:59:33', 0, 11, 0, NULL),
(291, 24, 43, 6000, '1324.3', 'H', '2015-02-22 05:59:33', 29, 10, 11, 9.05833),
(292, 13, 43, 6000, '1355.0', 'H', '2015-02-22 05:59:33', 26, 9, 6, 14.5667),
(293, 5, 43, 6000, '1370.2', 'H', '2015-02-22 05:59:33', 24, 8, 5, 15.6333),
(294, 7, 43, 6000, '1375.2', 'H', '2015-02-22 05:59:33', 24, 7, 3, 18.05),
(295, 33, 43, 6000, '1392.1', 'H', '2015-02-22 05:59:33', 28, 6, 10, 9.95833),
(296, 39, 43, 6000, '1393.6', 'H', '2015-02-22 05:59:33', 22, 5, 0, NULL),
(297, 20, 43, 6000, '1407.3', 'H', '2015-02-22 05:59:33', 21, 4, 1, 23.225),
(298, 2, 43, 6000, '1453.4', 'H', '2015-02-22 05:59:33', 27, 3, 16, 7.16667),
(299, 9, 43, 6000, '1539.0', 'H', '2015-02-22 05:59:33', 25, 2, 9, 11.45),
(300, 29, 43, 6000, '1715.4', 'H', '2015-02-22 05:59:33', 0, 1, 4, 16.1),
(301, 17, 44, 5000, '969.0', 'H', '2015-02-22 05:59:33', 31, 25, 0, NULL),
(302, 16, 44, 5000, '1001.4', 'H', '2015-02-22 05:59:33', 27, 24, 0, NULL),
(303, 30, 44, 5000, '1003.5', 'H', '2015-02-22 05:59:33', 24, 23, 0, NULL),
(304, 18, 44, 5000, '1023.2', 'H', '2015-02-22 05:59:33', 29, 22, 0, NULL),
(305, 4, 44, 5000, '1025.7', 'H', '2015-02-22 05:59:33', 29, 21, 0, NULL),
(306, 1, 44, 5000, '1058.0', 'H', '2015-02-22 05:59:33', 27, 20, 0, NULL),
(307, 19, 44, 5000, '1058.8', 'H', '2015-02-22 05:59:33', 22, 19, 0, NULL),
(308, 38, 44, 5000, '1059.0', 'H', '2015-02-22 05:59:33', 26, 18, 0, NULL),
(309, 7, 44, 5000, '1077.7', 'H', '2015-02-22 05:59:33', 29, 17, 0, NULL),
(310, 15, 44, 5000, '1084.0', 'H', '2015-02-22 05:59:33', 26, 16, 0, NULL),
(311, 24, 44, 5000, '1096.6', 'H', '2015-02-22 05:59:33', 29, 15, 0, NULL),
(312, 13, 44, 5000, '1113.1', 'H', '2015-02-22 05:59:33', 24, 14, 0, NULL),
(313, 23, 44, 5000, '1116.2', 'H', '2015-02-22 05:59:33', 0, 13, 0, NULL),
(314, 6, 44, 5000, '1118.1', 'H', '2015-02-22 05:59:33', 20, 12, 0, NULL),
(315, 20, 44, 5000, '1121.3', 'H', '2015-02-22 05:59:33', 21, 11, 0, NULL),
(316, 5, 44, 5000, '1126.2', 'H', '2015-02-22 05:59:33', 20, 10, 0, NULL),
(317, 33, 44, 5000, '1130.8', 'H', '2015-02-22 05:59:33', 0, 9, 0, NULL),
(318, 26, 44, 5000, '1166.0', 'H', '2015-02-22 05:59:33', 0, 8, 0, NULL),
(319, 27, 44, 5000, '1199.7', 'H', '2015-02-22 05:59:33', 27, 7, 0, NULL),
(320, 40, 44, 5000, '1199.9', 'H', '2015-02-22 05:59:33', 0, 6, 0, NULL),
(321, 2, 44, 5000, '1218.9', 'H', '2015-02-22 05:59:33', 27, 5, 0, NULL),
(322, 9, 44, 5000, '1277.1', 'H', '2015-02-22 05:59:33', 25, 4, 0, NULL),
(323, 36, 44, 5000, '1317.0', 'H', '2015-02-22 05:59:33', 24, 3, 0, NULL),
(324, 12, 44, 5000, '1354.4', 'H', '2015-02-22 05:59:33', 0, 2, 0, NULL),
(325, 29, 44, 5000, '1470.1', 'H', '2015-02-22 05:59:33', 21, 1, 0, NULL),
(326, 18, 45, 10000, '2096.8', 'H', '2015-02-22 05:59:33', 27, 18, 13, 2.52),
(327, 6, 45, 10000, '2126.8', 'H', '2015-02-22 05:59:33', 23, 17, 17, -5.47),
(328, 16, 45, 10000, '2138.0', 'H', '2015-02-22 05:59:33', 20, 16, 6, 6.76),
(329, 1, 45, 10000, '2160.0', 'H', '2015-02-22 05:59:33', 25, 15, 15, 2.2),
(330, 4, 45, 10000, '2179.8', 'H', '2015-02-22 05:59:33', 25, 14, 8, 6.42),
(331, 12, 45, 10000, '2246.3', 'H', '2015-02-22 05:59:33', 18, 13, 18, -23.125),
(332, 20, 45, 10000, '2277.8', 'H', '2015-02-22 05:59:33', 21, 12, 16, 1.76),
(333, 7, 45, 10000, '2277.9', 'H', '2015-02-22 05:59:33', 22, 11, 11, 6.125),
(334, 19, 45, 10000, '2299.8', 'H', '2015-02-22 05:59:33', 18, 10, 4, 9.11),
(335, 15, 45, 10000, '2299.9', 'H', '2015-02-22 05:59:33', 24, 9, 7, 6.595),
(336, 5, 45, 10000, '2308.4', 'H', '2015-02-22 05:59:33', 24, 8, 12, 2.8),
(337, 24, 45, 10000, '2317.8', 'H', '2015-02-22 05:59:33', 27, 7, 10, 6.23),
(338, 13, 45, 10000, '2426.1', 'H', '2015-02-22 05:59:33', 20, 6, 1, 9.995),
(339, 33, 45, 10000, '2452.4', 'H', '2015-02-22 05:59:33', 23, 5, 2, 9.54),
(340, 2, 45, 10000, '2486.1', 'H', '2015-02-22 05:59:33', 25, 4, 14, 2.415),
(341, 27, 45, 10000, '2589.2', 'H', '2015-02-22 05:59:33', 25, 3, 3, 9.49),
(342, 9, 45, 10000, '2680.6', 'H', '2015-02-22 05:59:33', 26, 2, 9, 6.32),
(343, 36, 45, 10000, '2773.3', 'H', '2015-02-22 05:59:33', 22, 1, 5, 6.965),
(344, 30, 46, 3000, '549.7', 'H', '2015-02-22 05:59:33', 27, 19, 0, NULL),
(345, 16, 46, 3000, '554.6', 'H', '2015-02-22 05:59:33', 27, 18, 13, -14.4667),
(346, 12, 46, 3000, '562.8', 'H', '2015-02-22 05:59:33', 27, 17, 17, -18.515),
(347, 11, 46, 3000, '563.8', 'H', '2015-02-22 05:59:33', 27, 16, 0, NULL),
(348, 6, 46, 3000, '577.2', 'H', '2015-02-22 05:59:33', 27, 15, 4, -10.14),
(349, 19, 46, 3000, '581.8', 'H', '2015-02-22 05:59:33', 27, 14, 15, -18.0233),
(350, 4, 46, 3000, '582.0', 'H', '2015-02-22 05:59:33', 27, 13, 10, -11.99),
(351, 18, 46, 3000, '587.9', 'H', '2015-02-22 05:59:33', 27, 12, 3, -6.85667),
(352, 5, 46, 3000, '609.1', 'H', '2015-02-22 05:59:33', 26, 11, 12, -13.9033),
(353, 7, 46, 3000, '612.8', 'H', '2015-02-22 05:59:33', 27, 10, 9, -11.7617),
(354, 20, 46, 3000, '613.9', 'H', '2015-02-22 05:59:33', 26, 9, 7, -11.5733),
(355, 1, 46, 3000, '625.5', 'H', '2015-02-22 05:59:33', 27, 8, 1, -3.75),
(356, 15, 46, 3000, '627.2', 'H', '2015-02-22 05:59:33', 26, 7, 6, -10.4617),
(357, 24, 46, 3000, '632.8', 'H', '2015-02-22 05:59:33', 27, 6, 5, -10.4233),
(358, 13, 46, 3000, '650.1', 'H', '2015-02-22 05:59:33', 26, 5, 11, -12.955),
(359, 27, 46, 3000, '676.2', 'H', '2015-02-22 05:59:33', 26, 4, 14, -16.76),
(360, 2, 46, 3000, '721.3', 'H', '2015-02-22 05:59:33', 25, 3, 2, -4.08833),
(361, 36, 46, 3000, '721.5', 'H', '2015-02-22 05:59:33', 26, 2, 16, -18.415),
(362, 9, 46, 3000, '733.7', 'H', '2015-02-22 05:59:33', 26, 1, 8, -11.7467),
(363, 12, 47, 2000, '389.6', 'H', '2015-02-22 05:59:33', 24, 21, 10, 3.6),
(364, 17, 47, 2000, '391.7', 'H', '2015-02-22 05:59:33', 23, 20, 0, NULL),
(365, 4, 47, 2000, '400.0', 'H', '2015-02-22 05:59:33', 24, 19, 13, 3),
(366, 18, 47, 2000, '401.8', 'H', '2015-02-22 05:59:33', 24, 18, 14, 2.46667),
(367, 41, 47, 2000, '405.4', 'H', '2015-02-22 05:59:33', 24, 17, 0, NULL),
(368, 19, 47, 2000, '407.3', 'H', '2015-02-22 05:59:33', 23, 16, 8, 4.85833),
(369, 30, 47, 2000, '409.5', 'H', '2015-02-22 05:59:33', 18, 15, 2, 10.7583),
(370, 6, 47, 2000, '410.7', 'H', '2015-02-22 05:59:33', 22, 14, 4, 6.475),
(371, 20, 47, 2000, '416.5', 'H', '2015-02-22 05:59:33', 24, 13, 16, 1.80833),
(372, 16, 47, 2000, '416.8', 'H', '2015-02-22 05:59:33', 24, 12, 1, 11.7667),
(373, 5, 47, 2000, '418.3', 'H', '2015-02-22 05:59:33', 24, 11, 11, 3.05833),
(374, 7, 47, 2000, '420.7', 'H', '2015-02-22 05:59:33', 24, 10, 12, 3.04167),
(375, 15, 47, 2000, '424.7', 'H', '2015-02-22 05:59:33', 24, 9, 17, 1.64167),
(376, 24, 47, 2000, '445.8', 'H', '2015-02-22 05:59:33', 24, 8, 5, 5.98333),
(377, 1, 47, 2000, '448.7', 'H', '2015-02-22 05:59:33', 22, 7, 3, 7.925),
(378, 13, 47, 2000, '455.2', 'H', '2015-02-22 05:59:33', 23, 6, 7, 5.45),
(379, 22, 47, 2000, '458.7', 'H', '2015-02-22 05:59:33', 24, 5, 0, NULL),
(380, 33, 47, 2000, '462.6', 'H', '2015-02-22 05:59:33', 24, 4, 0, NULL),
(381, 2, 47, 2000, '496.0', 'H', '2015-02-22 05:59:33', 23, 3, 9, 3.78333),
(382, 9, 47, 2000, '496.6', 'H', '2015-02-22 05:59:33', 23, 2, 15, 1.86667),
(383, 36, 47, 2000, '504.1', 'H', '2015-02-22 05:59:33', 24, 1, 6, 5.775),
(384, 17, 48, 5000, '1015.6', 'H', '2015-02-22 05:59:33', 24, 21, 7, 3.635),
(385, 41, 48, 5000, '1020.4', 'H', '2015-02-22 05:59:33', 30, 20, 16, 0.69),
(386, 18, 48, 5000, '1038.0', 'H', '2015-02-22 05:59:33', 24, 19, 8, 3.35),
(387, 12, 48, 5000, '1040.2', 'H', '2015-02-22 05:59:33', 20, 18, 3, 6.62),
(388, 16, 48, 5000, '1045.1', 'H', '2015-02-22 05:59:33', 24, 17, 17, 0.31),
(389, 4, 48, 5000, '1046.4', 'H', '2015-02-22 05:59:33', 27, 16, 6, 4.64),
(390, 19, 48, 5000, '1049.2', 'H', '2015-02-22 05:59:33', 22, 15, 10, 3.095),
(391, 6, 48, 5000, '1049.2', 'H', '2015-02-22 05:59:33', 24, 15, 13, 2.245),
(392, 30, 48, 5000, '1050.0', 'H', '2015-02-22 05:59:33', 20, 13, 11, 2.625),
(393, 15, 48, 5000, '1092.8', 'H', '2015-02-22 05:59:33', 26, 12, 9, 3.105),
(394, 1, 48, 5000, '1099.7', 'H', '2015-02-22 05:59:33', 24, 11, 20, -2.205),
(395, 20, 48, 5000, '1102.9', 'H', '2015-02-22 05:59:33', 24, 10, 4, 6.165),
(396, 24, 48, 5000, '1117.4', 'H', '2015-02-22 05:59:33', 28, 9, 18, 0.29),
(397, 33, 48, 5000, '1136.0', 'H', '2015-02-22 05:59:33', 26, 8, 19, -2.05),
(398, 22, 48, 5000, '1157.4', 'H', '2015-02-22 05:59:33', 25, 7, 15, 1.065),
(399, 7, 48, 5000, '1164.0', 'H', '2015-02-22 05:59:33', 24, 6, 2, 11.225),
(400, 39, 48, 5000, '1172.1', 'H', '2015-02-22 05:59:33', 20, 5, 0, NULL),
(401, 5, 48, 5000, '1193.3', 'H', '2015-02-22 05:59:33', 21, 4, 1, 14.755),
(402, 2, 48, 5000, '1260.1', 'H', '2015-02-22 05:59:33', 24, 3, 14, 2.01),
(403, 9, 48, 5000, '1267.4', 'H', '2015-02-22 05:59:33', 26, 2, 12, 2.59),
(404, 36, 48, 5000, '1318.9', 'H', '2015-02-22 05:59:33', 25, 1, 5, 5.865),
(405, 11, 49, 3000, '569.3', 'H', '2015-02-22 05:59:33', 28, 15, 0, NULL),
(406, 30, 49, 3000, '582.0', 'H', '2015-02-22 05:59:33', 27, 14, 11, -8),
(407, 41, 49, 3000, '586.6', 'H', '2015-02-22 05:59:33', 28, 13, 3, -4.27333),
(408, 18, 49, 3000, '592.1', 'H', '2015-02-22 05:59:33', 28, 12, 5, -5.11667),
(409, 12, 49, 3000, '593.4', 'H', '2015-02-22 05:59:33', 20, 11, 6, -5.12),
(410, 4, 49, 3000, '595.0', 'H', '2015-02-22 05:59:33', 28, 10, 8, -5.47333),
(411, 20, 49, 3000, '610.1', 'H', '2015-02-22 05:59:33', 27, 9, 13, -8.60667),
(412, 1, 49, 3000, '626.2', 'H', '2015-02-22 05:59:33', 25, 8, 10, -5.60333),
(413, 5, 49, 3000, '626.7', 'H', '2015-02-22 05:59:33', 27, 7, 14, -14.88),
(414, 15, 49, 3000, '631.5', 'H', '2015-02-22 05:59:33', 27, 6, 1, -4.03),
(415, 24, 49, 3000, '642.0', 'H', '2015-02-22 05:59:33', 28, 5, 4, -4.74),
(416, 33, 49, 3000, '657.1', 'H', '2015-02-22 05:59:33', 30, 4, 2, -4.08333),
(417, 2, 49, 3000, '723.0', 'H', '2015-02-22 05:59:33', 27, 3, 9, -5.51),
(418, 9, 49, 3000, '728.6', 'H', '2015-02-22 05:59:33', 27, 2, 7, -5.30667),
(419, 36, 49, 3000, '743.2', 'H', '2015-02-22 05:59:33', 27, 1, 12, -8.02333),
(420, 11, 50, 3250, '592.3', 'H', '2015-02-22 05:59:33', 33, 13, 9, -3.76025),
(421, 16, 50, 3250, '601.2', 'H', '2015-02-22 05:59:33', 30, 12, 0, NULL),
(422, 4, 50, 3250, '636.4', 'H', '2015-02-22 05:59:33', 29, 11, 4, -1.25898),
(423, 12, 50, 3250, '636.9', 'H', '2015-02-22 05:59:33', 20, 10, 3, -0.91538),
(424, 18, 50, 3250, '640.3', 'H', '2015-02-22 05:59:33', 31, 9, 2, -0.17564),
(425, 20, 50, 3250, '642.9', 'H', '2015-02-22 05:59:33', 30, 8, 6, -2.77564),
(426, 1, 50, 3250, '656.9', 'H', '2015-02-22 05:59:33', 29, 7, 8, -3.30513),
(427, 15, 50, 3250, '658.0', 'H', '2015-02-22 05:59:33', 31, 6, 10, -4.01923),
(428, 7, 50, 3250, '658.6', 'H', '2015-02-22 05:59:33', 31, 5, 0, NULL),
(429, 5, 50, 3250, '663.1', 'H', '2015-02-22 05:59:33', 29, 4, 5, -2.43462),
(430, 13, 50, 3250, '705.2', 'H', '2015-02-22 05:59:33', 26, 3, 0, NULL),
(431, 2, 50, 3250, '761.8', 'H', '2015-02-22 05:59:33', 28, 2, 7, -3.3),
(432, 9, 50, 3250, '796.1', 'H', '2015-02-22 05:59:33', 27, 1, 1, 1.04359),
(433, 30, 51, 8770, '1800.0', 'H', '2015-02-22 05:59:33', 20, 14, 0, NULL),
(434, 41, 51, 8532, '1800.0', 'H', '2015-02-22 05:59:33', 27, 13, 0, NULL),
(435, 16, 51, 8515, '1800.0', 'H', '2015-02-22 05:59:33', 24, 12, 2, 13.2035),
(436, 18, 51, 8419, '1800.0', 'H', '2015-02-22 05:59:33', 26, 11, 6, 8.39337),
(437, 1, 51, 8358, '1800.0', 'H', '2015-02-22 05:59:33', 26, 10, 10, 6.61972),
(438, 6, 51, 8333, '1800.0', 'H', '2015-02-22 05:59:33', 22, 9, 0, NULL),
(439, 4, 51, 8312, '1800.0', 'H', '2015-02-22 05:59:33', 25, 8, 5, 10.3695),
(440, 15, 51, 8269, '1800.0', 'H', '2015-02-22 05:59:33', 26, 7, 7, 7.60948),
(441, 20, 51, 8103, '1800.0', 'H', '2015-02-22 05:59:33', 23, 6, 4, 12.1623),
(442, 5, 51, 7863, '1800.0', 'H', '2015-02-22 05:59:33', 24, 5, 3, 12.4447),
(443, 7, 51, 7851, '1800.0', 'H', '2015-02-22 05:59:33', 24, 4, 1, 13.312),
(444, 22, 51, 7823, '1800.0', 'H', '2015-02-22 05:59:33', 25, 3, 0, NULL),
(445, 2, 51, 7240, '1800.0', 'H', '2015-02-22 05:59:33', 25, 2, 9, 7.10939),
(446, 9, 51, 6939, '1800.0', 'H', '2015-02-22 05:59:33', 26, 1, 8, 7.22477),
(447, 16, 52, 3000, '542.4', 'H', '2015-02-22 05:59:33', 31, 18, 12, -15.2958),
(448, 11, 52, 3000, '550.0', 'H', '2015-02-22 05:59:33', 33, 17, 0, NULL),
(449, 37, 52, 3000, '552.3', 'H', '2015-02-22 05:59:33', 25, 16, 0, NULL),
(450, 30, 52, 3000, '555.6', 'H', '2015-02-22 05:59:33', 24, 15, 5, -10.0226),
(451, 12, 52, 3000, '561.4', 'H', '2015-02-22 05:59:33', 32, 14, 0, NULL),
(452, 41, 52, 3000, '565.9', 'H', '2015-02-22 05:59:33', 30, 13, 8, -11.1686),
(453, 4, 52, 3000, '571.5', 'H', '2015-02-22 05:59:33', 32, 12, 11, -13.0272),
(454, 18, 52, 3000, '577.6', 'H', '2015-02-22 05:59:33', 35, 11, 7, -10.6344),
(455, 20, 52, 3000, '595.2', 'H', '2015-02-22 05:59:33', 29, 10, 9, -11.87),
(456, 15, 52, 3000, '605.0', 'H', '2015-02-22 05:59:33', 33, 9, 2, -8.00692),
(457, 1, 52, 3000, '607.6', 'H', '2015-02-22 05:59:33', 25, 8, 1, -6.41459),
(458, 7, 52, 3000, '610.4', 'H', '2015-02-22 05:59:33', 30, 7, 10, -12.9017),
(459, 5, 52, 3000, '624.1', 'H', '2015-02-22 05:59:33', 27, 6, 6, -10.4435),
(460, 13, 52, 3000, '651.2', 'H', '2015-02-22 05:59:33', 27, 5, 0, NULL),
(461, 2, 52, 3000, '689.2', 'H', '2015-02-22 05:59:33', 31, 4, 4, -9.44272),
(462, 42, 52, 3000, '722.4', 'H', '2015-02-22 05:59:33', 28, 3, 0, NULL),
(463, 9, 52, 3000, '723.5', 'H', '2015-02-22 05:59:33', 27, 2, 3, -9.11836),
(464, 29, 52, 3000, '798.2', 'H', '2015-02-22 05:59:33', 28, 1, 0, NULL),
(465, 37, 53, 6000, '1194.0', 'H', '2015-02-22 05:59:33', 25, 15, 10, 7.45),
(466, 16, 53, 6000, '1232.0', 'H', '2015-02-22 05:59:33', 26, 14, 1, 12.2667),
(467, 41, 53, 6000, '1245.6', 'H', '2015-02-22 05:59:33', 27, 13, 8, 9.48333),
(468, 4, 53, 6000, '1256.0', 'H', '2015-02-22 05:59:33', 28, 12, 9, 9.41667),
(469, 18, 53, 6000, '1277.4', 'H', '2015-02-22 05:59:33', 24, 11, 5, 10.1833),
(470, 1, 53, 6000, '1288.1', 'H', '2015-02-22 05:59:33', 25, 10, 13, 6.075),
(471, 6, 53, 6000, '1289.9', 'H', '2015-02-22 05:59:33', 22, 9, 0, NULL),
(472, 15, 53, 6000, '1299.3', 'H', '2015-02-22 05:59:33', 27, 8, 11, 7.44167),
(473, 20, 53, 6000, '1319.2', 'H', '2015-02-22 05:59:33', 24, 7, 2, 10.7333),
(474, 7, 53, 6000, '1348.5', 'H', '2015-02-22 05:59:33', 25, 6, 4, 10.6417),
(475, 5, 53, 6000, '1369.8', 'H', '2015-02-22 05:59:33', 25, 5, 6, 10.1333),
(476, 27, 53, 6000, '1485.7', 'H', '2015-02-22 05:59:33', 25, 4, 0, NULL),
(477, 2, 53, 6000, '1499.3', 'H', '2015-02-22 05:59:33', 26, 3, 7, 10.075),
(478, 9, 53, 6000, '1575.5', 'H', '2015-02-22 05:59:33', 27, 2, 3, 10.7083),
(479, 29, 53, 6000, '1670.8', 'H', '2015-02-22 05:59:33', 27, 1, 12, 6.2),
(480, 16, 54, 21097, '4421.9', 'H', '2015-02-22 05:59:33', 24, 12, 9, 2.13259),
(481, 18, 54, 21097, '4555.3', 'H', '2015-02-22 05:59:33', 25, 11, 10, 1.51085),
(482, 1, 54, 21097, '4739.7', 'H', '2015-02-22 05:59:33', 23, 10, 5, 4.98947),
(483, 20, 54, 21097, '4776.4', 'H', '2015-02-22 05:59:33', 22, 9, 8, 3.2676),
(484, 4, 54, 21097, '4818.8', 'H', '2015-02-22 05:59:33', 23, 8, 1, 9.53914),
(485, 5, 54, 21097, '5005.3', 'H', '2015-02-22 05:59:33', 24, 7, 6, 4.47587),
(486, 24, 54, 21097, '5060.0', 'H', '2015-02-22 05:59:33', 24, 6, 0, NULL),
(487, 13, 54, 21097, '5356.5', 'H', '2015-02-22 05:59:33', 22, 5, 0, NULL),
(488, 2, 54, 21097, '5459.5', 'H', '2015-02-22 05:59:33', 25, 4, 7, 4.44876),
(489, 27, 54, 21097, '5481.1', 'H', '2015-02-22 05:59:33', 24, 3, 4, 6.09403),
(490, 9, 54, 21097, '5841.3', 'H', '2015-02-22 05:59:33', 26, 2, 3, 7.14744),
(491, 29, 54, 21097, '6190.6', 'H', '2015-02-22 05:59:33', 25, 1, 2, 7.48421),
(492, 16, 55, 4000, '740.2', 'H', '2015-02-22 05:59:33', 30, 14, 4, -12.2743),
(493, 12, 55, 4000, '782.8', 'H', '2015-02-22 05:59:33', 21, 13, 0, NULL),
(494, 4, 55, 4000, '787.6', 'H', '2015-02-22 05:59:33', 31, 12, 8, -15.7558),
(495, 18, 55, 4000, '790.8', 'H', '2015-02-22 05:59:33', 31, 11, 1, -9.11085),
(496, 20, 55, 4000, '800.5', 'H', '2015-02-22 05:59:33', 29, 10, 5, -13.1384),
(497, 1, 55, 4000, '809.4', 'H', '2015-02-22 05:59:33', 29, 9, 3, -11.1561),
(498, 5, 55, 4000, '814.7', 'H', '2015-02-22 05:59:33', 30, 8, 10, -16.7884),
(499, 15, 55, 4000, '828.0', 'H', '2015-02-22 05:59:33', 30, 7, 0, NULL),
(500, 7, 55, 4000, '846.5', 'H', '2015-02-22 05:59:33', 29, 6, 0, NULL),
(501, 27, 55, 4000, '911.7', 'H', '2015-02-22 05:59:33', 28, 5, 9, -15.9399),
(502, 2, 55, 4000, '960.0', 'H', '2015-02-22 05:59:33', 28, 4, 2, -9.39043),
(503, 9, 55, 4000, '984.2', 'H', '2015-02-22 05:59:33', 28, 3, 7, -15.4141),
(504, 43, 55, 4000, '1016.8', 'H', '2015-02-22 05:59:33', 27, 2, 0, NULL),
(505, 29, 55, 4000, '1056.5', 'H', '2015-02-22 05:59:33', 29, 1, 6, -14.655),
(506, 16, 56, 5000, '1034.0', 'H', '2015-02-22 05:59:33', 25, 18, 0, NULL),
(507, 4, 56, 5000, '1035.4', 'H', '2015-02-22 05:59:33', 28, 17, 0, NULL),
(508, 18, 56, 5000, '1048.2', 'H', '2015-02-22 05:59:33', 24, 16, 0, NULL),
(509, 1, 56, 5000, '1064.2', 'H', '2015-02-22 05:59:33', 27, 15, 0, NULL),
(510, 6, 56, 5000, '1066.2', 'H', '2015-02-22 05:59:33', 25, 14, 0, NULL),
(511, 20, 56, 5000, '1077.7', 'H', '2015-02-22 05:59:33', 24, 13, 0, NULL),
(512, 15, 56, 5000, '1088.1', 'H', '2015-02-22 05:59:33', 26, 12, 0, NULL),
(513, 11, 56, 5000, '1098.0', 'H', '2015-02-22 05:59:33', 18, 11, 0, NULL),
(514, 7, 56, 5000, '1126.7', 'H', '2015-02-22 05:59:33', 25, 10, 0, NULL),
(515, 5, 56, 5000, '1138.5', 'H', '2015-02-22 05:59:33', 26, 9, 0, NULL),
(516, 13, 56, 5000, '1174.3', 'H', '2015-02-22 05:59:33', 24, 8, 0, NULL),
(517, 26, 56, 5000, '1176.5', 'H', '2015-02-22 05:59:33', 24, 7, 0, NULL),
(518, 2, 56, 5000, '1288.1', 'H', '2015-02-22 05:59:33', 25, 6, 0, NULL),
(519, 9, 56, 5000, '1289.2', 'H', '2015-02-22 05:59:33', 26, 5, 0, NULL),
(520, 43, 56, 5000, '1334.3', 'H', '2015-02-22 05:59:33', 26, 4, 0, NULL),
(521, 36, 56, 5000, '1342.3', 'H', '2015-02-22 05:59:33', 23, 3, 0, NULL),
(522, 29, 56, 5000, '1379.5', 'H', '2015-02-22 05:59:33', 22, 2, 0, NULL),
(523, 42, 56, 5000, '1396.0', 'H', '2015-02-22 05:59:33', 27, 1, 0, NULL),
(524, 11, 57, 10000, '2109.6', 'H', '2015-02-22 05:59:33', 22, 17, 16, -4.32),
(525, 16, 57, 10000, '2114.8', 'H', '2015-02-22 05:59:33', 21, 16, 13, 2.34),
(526, 6, 57, 10000, '2156.0', 'H', '2015-02-22 05:59:33', 22, 15, 14, 1.18),
(527, 18, 57, 10000, '2171.0', 'H', '2015-02-22 05:59:33', 22, 14, 10, 3.73),
(528, 4, 57, 10000, '2178.1', 'H', '2015-02-22 05:59:33', 22, 13, 5, 5.365),
(529, 15, 57, 10000, '2248.7', 'H', '2015-02-22 05:59:33', 22, 12, 11, 3.625),
(530, 20, 57, 10000, '2249.2', 'H', '2015-02-22 05:59:33', 22, 11, 8, 4.69),
(531, 1, 57, 10000, '2273.4', 'H', '2015-02-22 05:59:33', 21, 10, 4, 7.25),
(532, 5, 57, 10000, '2299.3', 'H', '2015-02-22 05:59:33', 21, 9, 15, 1.115),
(533, 7, 57, 10000, '2353.0', 'H', '2015-02-22 05:59:33', 21, 8, 7, 4.98),
(534, 26, 57, 10000, '2435.6', 'H', '2015-02-22 05:59:33', 22, 7, 9, 4.13),
(535, 27, 57, 10000, '2510.4', 'H', '2015-02-22 05:59:33', 22, 6, 0, NULL),
(536, 13, 57, 10000, '2533.1', 'H', '2015-02-22 05:59:33', 21, 5, 2, 9.225),
(537, 2, 57, 10000, '2645.1', 'H', '2015-02-22 05:59:33', 22, 4, 12, 3.445),
(538, 36, 57, 10000, '2849.0', 'H', '2015-02-22 05:59:33', 22, 3, 3, 8.22),
(539, 9, 57, 10000, '2855.6', 'H', '2015-02-22 05:59:33', 22, 2, 1, 13.86),
(540, 29, 57, 10000, '2865.0', 'H', '2015-02-22 05:59:33', 22, 1, 6, 5.3),
(541, 16, 58, 4000, '719.2', 'H', '2015-02-22 05:59:33', 31, 17, 11, -15.84),
(542, 11, 58, 4000, '731.2', 'H', '2015-02-22 05:59:33', 33, 16, 9, -14.08),
(543, 12, 58, 4000, '748.8', 'H', '2015-02-22 05:59:33', 30, 15, 0, NULL),
(544, 18, 58, 4000, '761.5', 'H', '2015-02-22 05:59:33', 36, 14, 6, -13.3625),
(545, 6, 58, 4000, '762.3', 'H', '2015-02-22 05:59:33', 30, 13, 5, -12.5125),
(546, 4, 58, 4000, '776.2', 'H', '2015-02-22 05:59:33', 28, 12, 4, -11.88),
(547, 20, 58, 4000, '789.2', 'H', '2015-02-22 05:59:33', 29, 11, 8, -13.81),
(548, 7, 58, 4000, '810.1', 'H', '2015-02-22 05:59:33', 31, 10, 12, -16.3875),
(549, 5, 58, 4000, '812.5', 'H', '2015-02-22 05:59:33', 30, 9, 7, -13.4025),
(550, 15, 58, 4000, '818.5', 'H', '2015-02-22 05:59:33', 29, 8, 1, -10.1225),
(551, 1, 58, 4000, '826.4', 'H', '2015-02-22 05:59:33', 28, 7, 2, -10.37),
(552, 27, 58, 4000, '867.3', 'H', '2015-02-22 05:59:33', 30, 6, 13, -17.1075),
(553, 2, 58, 4000, '967.8', 'H', '2015-02-22 05:59:33', 26, 5, 3, -11.28),
(554, 9, 58, 4000, '969.3', 'H', '2015-02-22 05:59:33', 28, 4, 15, -21.6175),
(555, 43, 58, 4000, '985.3', 'H', '2015-02-22 05:59:33', 29, 3, 0, NULL),
(556, 36, 58, 4000, '995.2', 'H', '2015-02-22 05:59:33', 27, 2, 14, -18.05),
(557, 29, 58, 4000, '1032.7', 'H', '2015-02-22 05:59:33', 30, 1, 10, -14.1625),
(558, 16, 59, 6000, '1192.9', 'H', '2015-02-22 05:59:33', 27, 17, 9, 9.50833),
(559, 11, 59, 6000, '1216.4', 'H', '2015-02-22 05:59:33', 26, 16, 8, 9.96667),
(560, 6, 59, 6000, '1238.2', 'H', '2015-02-22 05:59:33', 27, 15, 12, 7.89583),
(561, 18, 59, 6000, '1268.2', 'H', '2015-02-22 05:59:33', 24, 14, 5, 10.4958),
(562, 4, 59, 6000, '1271.1', 'H', '2015-02-22 05:59:33', 25, 13, 11, 8.9),
(563, 30, 59, 6000, '1313.1', 'H', '2015-02-22 05:59:33', 19, 12, 0, NULL),
(564, 20, 59, 6000, '1317.0', 'H', '2015-02-22 05:59:33', 24, 11, 3, 11.1),
(565, 1, 59, 6000, '1320.0', 'H', '2015-02-22 05:59:33', 24, 10, 14, 6.7),
(566, 7, 59, 6000, '1336.5', 'H', '2015-02-22 05:59:33', 26, 9, 6, 10.1125),
(567, 15, 59, 6000, '1340.4', 'H', '2015-02-22 05:59:33', 24, 8, 10, 9.3875),
(568, 5, 59, 6000, '1353.3', 'H', '2015-02-22 05:59:33', 26, 7, 2, 11.2125),
(569, 26, 59, 6000, '1411.9', 'H', '2015-02-22 05:59:33', 25, 6, 0, NULL),
(570, 27, 59, 6000, '1469.2', 'H', '2015-02-22 05:59:33', 25, 5, 1, 14.0208),
(571, 2, 59, 6000, '1545.0', 'H', '2015-02-22 05:59:33', 24, 4, 13, 7.775),
(572, 9, 59, 6000, '1586.5', 'H', '2015-02-22 05:59:33', 25, 3, 4, 11.0458),
(573, 43, 59, 6000, '1597.8', 'H', '2015-02-22 05:59:33', 26, 2, 7, 9.9875),
(574, 42, 59, 6000, '1673.2', 'H', '2015-02-22 05:59:33', 28, 1, 0, NULL),
(575, 30, 60, 3389, '600.0', 'H', '2015-02-22 05:59:33', 0, 17, 13, -20.9033),
(576, 12, 60, 3379, '600.0', 'H', '2015-02-22 05:59:33', 0, 16, 0, NULL),
(577, 16, 60, 3369, '600.0', 'H', '2015-02-22 05:59:33', 32, 15, 1, -10.3611),
(578, 11, 60, 3346, '600.0', 'H', '2015-02-22 05:59:33', 33, 14, 3, -11.7074),
(579, 4, 60, 3256, '600.0', 'H', '2015-02-22 05:59:33', 33, 13, 8, -13.7874),
(580, 18, 60, 3254, '600.0', 'H', '2015-02-22 05:59:33', 41, 12, 5, -13.4891),
(581, 20, 60, 3119, '600.0', 'H', '2015-02-22 05:59:33', 0, 11, 6, -13.5653),
(582, 1, 60, 3114, '600.0', 'H', '2015-02-22 05:59:33', 34, 10, 7, -13.6609),
(583, 37, 60, 3080, '600.0', 'H', '2015-02-22 05:59:33', 0, 9, 0, NULL),
(584, 24, 60, 3069, '600.0', 'H', '2015-02-22 05:59:33', 0, 8, 0, NULL),
(585, 7, 60, 3027, '600.0', 'H', '2015-02-22 05:59:33', 33, 7, 4, -12.267),
(586, 5, 60, 2964, '600.0', 'H', '2015-02-22 05:59:33', 29, 6, 2, -11.5604),
(587, 23, 60, 2912, '600.0', 'H', '2015-02-22 05:59:33', 0, 5, 0, NULL),
(588, 27, 60, 2856, '600.0', 'H', '2015-02-22 05:59:33', 30, 4, 12, -17.3913),
(589, 2, 60, 2643, '600.0', 'H', '2015-02-22 05:59:33', 28, 3, 11, -15.2426),
(590, 9, 60, 2554, '600.0', 'H', '2015-02-22 05:59:33', 29, 2, 9, -14.7455),
(591, 43, 60, 2541, '600.0', 'H', '2015-02-22 05:59:33', 31, 1, 10, -15.0863),
(592, 16, 61, 5000, '964.4', 'H', '2015-02-22 05:59:33', 28, 12, 8, 7.3928),
(593, 11, 61, 5000, '967.0', 'H', '2015-02-22 05:59:33', 28, 11, 9, 7.04071),
(594, 12, 61, 5000, '977.3', 'H', '2015-02-22 05:59:33', 28, 10, 4, 8.94634),
(595, 4, 61, 5000, '1008.5', 'H', '2015-02-22 05:59:33', 27, 9, 5, 8.71241),
(596, 18, 61, 5000, '1015.6', 'H', '2015-02-22 05:59:34', 28, 8, 2, 9.36578),
(597, 1, 61, 5000, '1044.6', 'H', '2015-02-22 05:59:34', 27, 7, 7, 8.12089),
(598, 20, 61, 5000, '1046.6', 'H', '2015-02-22 05:59:34', 27, 6, 6, 8.47533),
(599, 15, 61, 5000, '1102.6', 'H', '2015-02-22 05:59:34', 25, 5, 0, NULL),
(600, 5, 61, 5000, '1115.8', 'H', '2015-02-22 05:59:34', 26, 4, 1, 10.3654),
(601, 13, 61, 5000, '1170.8', 'H', '2015-02-22 05:59:34', 23, 3, 0, NULL),
(602, 2, 61, 5000, '1203.7', 'H', '2015-02-22 05:59:34', 26, 2, 10, 6.86262),
(603, 9, 61, 5000, '1268.0', 'H', '2015-02-22 05:59:34', 26, 1, 3, 9.3372),
(604, 30, 62, 2000, '364.6', 'H', '2015-02-22 05:59:34', 33, 15, 0, NULL),
(605, 16, 62, 2000, '371.3', 'H', '2015-02-22 05:59:34', 32, 14, 10, -3.615),
(606, 12, 62, 2000, '385.6', 'H', '2015-02-22 05:59:34', 32, 13, 4, -1.33),
(607, 44, 62, 2000, '386.9', 'H', '2015-02-22 05:59:34', 32, 12, 0, NULL),
(608, 18, 62, 2000, '393.8', 'H', '2015-02-22 05:59:34', 34, 11, 7, -3.11),
(609, 20, 62, 2000, '405.9', 'H', '2015-02-22 05:59:34', 27, 10, 8, -3.185),
(610, 11, 62, 2000, '407.6', 'H', '2015-02-22 05:59:34', 26, 9, 2, 5.2),
(611, 1, 62, 2000, '411.8', 'H', '2015-02-22 05:59:34', 28, 8, 5, -1.51),
(612, 4, 62, 2000, '433.2', 'H', '2015-02-22 05:59:34', 22, 7, 1, 7.45),
(613, 22, 62, 2000, '438.4', 'H', '2015-02-22 05:59:34', 29, 6, 0, NULL),
(614, 27, 62, 2000, '439.4', 'H', '2015-02-22 05:59:34', 29, 5, 0, NULL),
(615, 5, 62, 2000, '439.7', 'H', '2015-02-22 05:59:34', 27, 4, 6, -1.655),
(616, 7, 62, 2000, '467.2', 'H', '2015-02-22 05:59:34', 23, 3, 0, NULL),
(617, 2, 62, 2000, '468.0', 'H', '2015-02-22 05:59:34', 27, 2, 9, -3.37),
(618, 9, 62, 2000, '502.4', 'H', '2015-02-22 05:59:34', 27, 1, 3, -1.2),
(619, 37, 63, 8000, '1608.0', 'H', '2015-02-22 05:59:34', 24, 16, 0, NULL),
(620, 11, 63, 8000, '1658.6', 'H', '2015-02-22 05:59:34', 24, 15, 10, 1.7625),
(621, 16, 63, 8000, '1676.0', 'H', '2015-02-22 05:59:34', 24, 14, 4, 11.925),
(622, 18, 63, 8000, '1706.5', 'H', '2015-02-22 05:59:34', 24, 13, 6, 8.20625),
(623, 1, 63, 8000, '1759.1', 'H', '2015-02-22 05:59:34', 23, 12, 9, 6.99375),
(624, 6, 63, 8000, '1760.2', 'H', '2015-02-22 05:59:34', 24, 11, 0, NULL),
(625, 15, 63, 8000, '1780.3', 'H', '2015-02-22 05:59:34', 24, 10, 0, NULL),
(626, 12, 63, 8000, '1783.3', 'H', '2015-02-22 05:59:34', 20, 9, 2, 15.0562),
(627, 20, 63, 8000, '1787.6', 'H', '2015-02-22 05:59:34', 23, 8, 5, 10.25),
(628, 7, 63, 8000, '1829.4', 'H', '2015-02-22 05:59:34', 23, 7, 11, -2.4625),
(629, 5, 63, 8000, '1883.2', 'H', '2015-02-22 05:59:34', 24, 6, 7, 7.775),
(630, 13, 63, 8000, '1969.6', 'H', '2015-02-22 05:59:34', 19, 5, 0, NULL),
(631, 2, 63, 8000, '1994.4', 'H', '2015-02-22 05:59:34', 23, 4, 8, 7.65),
(632, 33, 63, 8000, '2024.1', 'H', '2015-02-22 05:59:34', 24, 3, 0, NULL),
(633, 4, 63, 8000, '2066.2', 'H', '2015-02-22 05:59:34', 20, 2, 1, 20.8375),
(634, 9, 63, 8000, '2216.9', 'H', '2015-02-22 05:59:34', 24, 1, 3, 12.9563),
(635, 11, 64, 3750, '704.5', 'H', '2015-02-22 05:59:34', 32, 13, 4, -9.72917),
(636, 12, 64, 3750, '726.1', 'H', '2015-02-22 05:59:34', 24, 12, 13, -14.6429),
(637, 1, 64, 3750, '749.2', 'H', '2015-02-22 05:59:34', 31, 11, 6, -10.0504),
(638, 18, 64, 3750, '749.6', 'H', '2015-02-22 05:59:34', 25, 10, 1, -6.70958),
(639, 15, 64, 3750, '771.4', 'H', '2015-02-22 05:59:34', 30, 9, 3, -8.41542),
(640, 7, 64, 3750, '772.2', 'H', '2015-02-22 05:59:34', 29, 8, 9, -11.3775),
(641, 20, 64, 3750, '778.5', 'H', '2015-02-22 05:59:34', 28, 7, 2, -7.925),
(642, 5, 64, 3750, '804.0', 'H', '2015-02-22 05:59:34', 27, 6, 7, -10.5),
(643, 13, 64, 3750, '826.9', 'H', '2015-02-22 05:59:34', 26, 5, 10, -12.8467),
(644, 33, 64, 3750, '848.2', 'H', '2015-02-22 05:59:34', 29, 4, 11, -13.4129),
(645, 2, 64, 3750, '860.1', 'H', '2015-02-22 05:59:34', 29, 3, 5, -9.97),
(646, 4, 64, 3750, '862.2', 'H', '2015-02-22 05:59:34', 30, 2, 12, -14.1775),
(647, 9, 64, 3750, '957.3', 'H', '2015-02-22 05:59:34', 28, 1, 8, -10.9163),
(648, 37, 65, 8654, '1800.0', 'H', '2015-02-22 05:59:34', 19, 15, 0, NULL),
(649, 11, 65, 8432, '1800.0', 'H', '2015-02-22 05:59:34', 20, 14, 3, 12.8029),
(650, 6, 65, 8418, '1800.0', 'H', '2015-02-22 05:59:34', 20, 13, 0, NULL),
(651, 12, 65, 8251, '1800.0', 'H', '2015-02-22 05:59:34', 20, 12, 4, 12.2644),
(652, 44, 65, 8249, '1800.0', 'H', '2015-02-22 05:59:34', 20, 11, 0, NULL),
(653, 1, 65, 8052, '1800.0', 'H', '2015-02-22 05:59:34', 20, 10, 5, 11.8801),
(654, 15, 65, 8040, '1800.0', 'H', '2015-02-22 05:59:34', 20, 9, 11, 9.08697),
(655, 7, 65, 7909, '1800.0', 'H', '2015-02-22 05:59:34', 20, 8, 8, 10.8344),
(656, 20, 65, 7818, '1800.0', 'H', '2015-02-22 05:59:34', 20, 7, 7, 11.319),
(657, 5, 65, 7719, '1800.0', 'H', '2015-02-22 05:59:34', 20, 6, 10, 9.39541),
(658, 4, 65, 7515, '1800.0', 'H', '2015-02-22 05:59:34', 20, 5, 12, 4.80048),
(659, 13, 65, 7465, '1800.0', 'H', '2015-02-22 05:59:34', 18, 4, 9, 10.3093),
(660, 33, 65, 7223, '1800.0', 'H', '2015-02-22 05:59:34', 20, 3, 6, 11.5086),
(661, 2, 65, 6662, '1800.0', 'H', '2015-02-22 05:59:34', 19, 2, 1, 20.4146),
(662, 9, 65, 6291, '1800.0', 'H', '2015-02-22 05:59:34', 20, 1, 2, 15.4215),
(663, 11, 66, 2000, '356.3', 'H', '2015-02-22 05:59:34', 36, 12, 5, -17.6612),
(664, 12, 66, 2000, '357.0', 'H', '2015-02-22 05:59:34', 34, 11, 8, -19.8277),
(665, 18, 66, 2000, '375.8', 'H', '2015-02-22 05:59:34', 42, 10, 0, NULL),
(666, 44, 66, 2000, '376.4', 'H', '2015-02-22 05:59:34', 33, 9, 1, -15.0041),
(667, 4, 66, 2000, '382.1', 'H', '2015-02-22 05:59:34', 31, 8, 11, -24.2355),
(668, 1, 66, 2000, '386.9', 'H', '2015-02-22 05:59:34', 34, 7, 2, -15.0485),
(669, 20, 66, 2000, '388.6', 'H', '2015-02-22 05:59:34', 33, 6, 6, -17.969),
(670, 7, 66, 2000, '392.5', 'H', '2015-02-22 05:59:34', 31, 5, 3, -15.6694),
(671, 5, 66, 2000, '400.8', 'H', '2015-02-22 05:59:34', 32, 4, 4, -16.3954),
(672, 13, 66, 2000, '403.3', 'H', '2015-02-22 05:59:34', 32, 3, 7, -19.7376),
(673, 2, 66, 2000, '460.7', 'H', '2015-02-22 05:59:34', 30, 2, 9, -19.9196),
(674, 9, 66, 2000, '482.5', 'H', '2015-02-22 05:59:34', 29, 1, 10, -22.4365),
(675, 11, 67, 1000, '185.6', 'H', '2015-02-22 05:59:34', 32, 13, 5, 3.725),
(676, 4, 67, 1000, '191.3', 'H', '2015-02-22 05:59:34', 32, 12, 10, 0.125),
(677, 44, 67, 1000, '192.4', 'H', '2015-02-22 05:59:34', 34, 11, 6, 2.1),
(678, 20, 67, 1000, '195.3', 'H', '2015-02-22 05:59:34', 32, 10, 8, 0.5),
(679, 18, 67, 1000, '195.6', 'H', '2015-02-22 05:59:34', 36, 9, 4, 3.85),
(680, 1, 67, 1000, '197.3', 'H', '2015-02-22 05:59:34', 32, 8, 7, 1.925),
(681, 7, 67, 1000, '204.4', 'H', '2015-02-22 05:59:34', 29, 7, 3, 4.075),
(682, 15, 67, 1000, '208.9', 'H', '2015-02-22 05:59:34', 27, 6, 0, NULL),
(683, 13, 67, 1000, '209.9', 'H', '2015-02-22 05:59:34', 29, 5, 2, 4.125),
(684, 33, 67, 1000, '215.8', 'H', '2015-02-22 05:59:34', 31, 4, 0, NULL),
(685, 2, 67, 1000, '229.9', 'H', '2015-02-22 05:59:34', 29, 3, 11, -0.225),
(686, 5, 67, 1000, '238.8', 'H', '2015-02-22 05:59:34', 20, 2, 1, 19.2),
(687, 9, 67, 1000, '242.0', 'H', '2015-02-22 05:59:34', 30, 1, 9, 0.375),
(688, 11, 68, 5000, '987.9', 'H', '2015-02-22 05:59:34', 28, 18, 0, NULL),
(689, 6, 68, 5000, '1030.1', 'H', '2015-02-22 05:59:34', 27, 17, 0, NULL),
(690, 44, 68, 5000, '1038.4', 'H', '2015-02-22 05:59:34', 26, 16, 0, NULL),
(691, 1, 68, 5000, '1048.5', 'H', '2015-02-22 05:59:34', 28, 15, 0, NULL),
(692, 4, 68, 5000, '1058.1', 'H', '2015-02-22 05:59:34', 26, 14, 0, NULL),
(693, 18, 68, 5000, '1065.2', 'H', '2015-02-22 05:59:34', 28, 13, 0, NULL),
(694, 15, 68, 5000, '1075.1', 'H', '2015-02-22 05:59:34', 25, 12, 0, NULL),
(695, 24, 68, 5000, '1096.2', 'H', '2015-02-22 05:59:34', 29, 11, 0, NULL),
(696, 20, 68, 5000, '1112.9', 'H', '2015-02-22 05:59:34', 24, 10, 0, NULL),
(697, 7, 68, 5000, '1128.0', 'H', '2015-02-22 05:59:34', 24, 9, 0, NULL),
(698, 13, 68, 5000, '1140.1', 'H', '2015-02-22 05:59:34', 24, 8, 0, NULL),
(699, 33, 68, 5000, '1147.6', 'H', '2015-02-22 05:59:34', 27, 7, 0, NULL),
(700, 5, 68, 5000, '1149.5', 'H', '2015-02-22 05:59:34', 25, 6, 0, NULL),
(701, 22, 68, 5000, '1159.7', 'H', '2015-02-22 05:59:34', 26, 5, 0, NULL),
(702, 12, 68, 5000, '1178.6', 'H', '2015-02-22 05:59:34', 24, 4, 0, NULL),
(703, 2, 68, 5000, '1223.8', 'H', '2015-02-22 05:59:34', 26, 3, 0, NULL),
(704, 9, 68, 5000, '1317.3', 'H', '2015-02-22 05:59:34', 26, 2, 0, NULL),
(705, 29, 68, 5000, '1375.1', 'H', '2015-02-22 05:59:34', 27, 1, 0, NULL),
(706, 18, 69, 16387, '3600.0', 'H', '2015-02-22 05:59:34', 24, 13, 12, 3.32317),
(707, 6, 69, 16323, '3600.0', 'H', '2015-02-22 05:59:34', 23, 12, 5, 7.26385),
(708, 4, 69, 16166, '3600.0', 'H', '2015-02-22 05:59:34', 22, 11, 7, 5.5348),
(709, 15, 69, 15694, '3600.0', 'H', '2015-02-22 05:59:34', 23, 10, 6, 7.18351),
(710, 20, 69, 15569, '3600.0', 'H', '2015-02-22 05:59:34', 22, 9, 11, 4.32436),
(711, 22, 69, 15241, '3600.0', 'H', '2015-02-22 05:59:34', 25, 8, 13, 2.13249),
(712, 7, 69, 15220, '3600.0', 'H', '2015-02-22 05:59:34', 23, 7, 8, 5.46544),
(713, 13, 69, 15111, '3600.0', 'H', '2015-02-22 05:59:34', 22, 6, 9, 5.10852),
(714, 33, 69, 15107, '3600.0', 'H', '2015-02-22 05:59:34', 25, 5, 10, 4.39006),
(715, 5, 69, 14021, '3600.0', 'H', '2015-02-22 05:59:34', 23, 4, 2, 13.4289),
(716, 2, 69, 13605, '3600.0', 'H', '2015-02-22 05:59:34', 25, 3, 4, 9.9243),
(717, 12, 69, 13000, '3600.0', 'H', '2015-02-22 05:59:34', 24, 2, 1, 20.6015),
(718, 9, 69, 12592, '3600.0', 'H', '2015-02-22 05:59:34', 25, 1, 3, 11.2179),
(719, 6, 70, 10000, '2119.0', 'H', '2015-02-22 05:59:34', 24, 11, 8, -4.32385),
(720, 18, 70, 10000, '2178.4', 'H', '2015-02-22 05:59:34', 25, 10, 2, -0.92317),
(721, 4, 70, 10000, '2181.0', 'H', '2015-02-22 05:59:34', 24, 9, 5, -2.2948),
(722, 15, 70, 10000, '2224.0', 'H', '2015-02-22 05:59:34', 24, 8, 7, -3.49351),
(723, 7, 70, 10000, '2274.8', 'H', '2015-02-22 05:59:34', 24, 7, 9, -4.52544),
(724, 1, 70, 10000, '2307.4', 'H', '2015-02-22 05:59:34', 21, 6, 0, NULL),
(725, 22, 70, 10000, '2318.8', 'H', '2015-02-22 05:59:34', 26, 5, 4, -2.16249),
(726, 13, 70, 10000, '2351.8', 'H', '2015-02-22 05:59:34', 24, 4, 3, -1.52852),
(727, 20, 70, 10000, '2355.7', 'H', '2015-02-22 05:59:34', 21, 3, 1, 2.17064),
(728, 2, 70, 10000, '2599.7', 'H', '2015-02-22 05:59:34', 24, 2, 6, -2.3193),
(729, 9, 70, 10000, '2722.1', 'H', '2015-02-22 05:59:34', 25, 1, 10, -6.8429),
(730, 11, 71, 5000, '986.6', 'H', '2015-02-22 05:59:34', 24, 16, 0, NULL),
(731, 6, 71, 5000, '1009.3', 'H', '2015-02-22 05:59:34', 24, 15, 1, -5.02),
(732, 18, 71, 5000, '1026.8', 'H', '2015-02-22 05:59:34', 24, 14, 5, -6.24),
(733, 4, 71, 5000, '1035.2', 'H', '2015-02-22 05:59:34', 24, 13, 2, -5.53),
(734, 15, 71, 5000, '1053.9', 'H', '2015-02-22 05:59:34', 24, 12, 3, -5.81),
(735, 1, 71, 5000, '1055.6', 'H', '2015-02-22 05:59:34', 24, 11, 10, -9.81),
(736, 20, 71, 5000, '1069.0', 'H', '2015-02-22 05:59:34', 24, 10, 11, -10.885),
(737, 22, 71, 5000, '1072.3', 'H', '2015-02-22 05:59:34', 24, 9, 8, -8.71),
(738, 45, 71, 5000, '1072.4', 'H', '2015-02-22 05:59:34', 24, 8, 0, NULL),
(739, 7, 71, 5000, '1077.7', 'H', '2015-02-22 05:59:34', 24, 7, 4, -5.97),
(740, 12, 71, 5000, '1088.5', 'H', '2015-02-22 05:59:34', 16, 6, 0, NULL),
(741, 13, 71, 5000, '1108.6', 'H', '2015-02-22 05:59:34', 22, 5, 6, -6.73),
(742, 5, 71, 5000, '1123.2', 'H', '2015-02-22 05:59:34', 23, 4, 0, NULL),
(743, 2, 71, 5000, '1202.5', 'H', '2015-02-22 05:59:34', 24, 3, 9, -9.735),
(744, 32, 71, 5000, '1207.0', 'H', '2015-02-22 05:59:34', 24, 2, 0, NULL),
(745, 9, 71, 5000, '1293.7', 'H', '2015-02-22 05:59:34', 24, 1, 7, -6.735),
(746, 6, 72, 7500, '1543.5', 'H', '2015-02-22 05:59:34', 28, 10, 7, 1.97),
(747, 18, 72, 7500, '1572.0', 'H', '2015-02-22 05:59:34', 30, 9, 6, 2.12);
INSERT INTO `attempt` (`Id`, `AthleteId`, `ChallengeId`, `Distance`, `Time`, `Weight`, `Entered`, `SPM`, `PacePoints`, `GainPoints`, `Gain`) VALUES
(748, 4, 72, 7500, '1573.6', 'H', '2015-02-22 05:59:34', 26, 8, 8, 1.38667),
(749, 1, 72, 7500, '1598.0', 'H', '2015-02-22 05:59:34', 29, 7, 9, 0.97333),
(750, 12, 72, 7500, '1628.8', 'H', '2015-02-22 05:59:34', 18, 6, 10, -0.26333),
(751, 7, 72, 7500, '1651.5', 'H', '2015-02-22 05:59:34', 27, 5, 5, 2.33),
(752, 20, 72, 7500, '1658.6', 'H', '2015-02-22 05:59:34', 25, 4, 2, 3.67333),
(753, 13, 72, 7500, '1728.4', 'H', '2015-02-22 05:59:34', 23, 3, 1, 4.36667),
(754, 2, 72, 7500, '1856.1', 'H', '2015-02-22 05:59:34', 26, 2, 3, 3.49),
(755, 9, 72, 7500, '1983.1', 'H', '2015-02-22 05:59:34', 26, 1, 4, 2.83667),
(756, 6, 73, 4000, '781.8', 'H', '2015-02-22 05:59:34', 28, 13, 3, -5.175),
(757, 18, 73, 4000, '788.0', 'H', '2015-02-22 05:59:34', 34, 12, 5, -6.3),
(758, 4, 73, 4000, '792.6', 'H', '2015-02-22 05:59:34', 28, 11, 4, -5.83167),
(759, 12, 73, 4000, '812.9', 'H', '2015-02-22 05:59:34', 18, 10, 8, -6.97417),
(760, 1, 73, 4000, '817.0', 'H', '2015-02-22 05:59:34', 30, 9, 2, -4.40833),
(761, 20, 73, 4000, '822.1', 'H', '2015-02-22 05:59:34', 29, 8, 9, -7.81083),
(762, 13, 73, 4000, '827.4', 'H', '2015-02-22 05:59:34', 30, 7, 10, -11.8017),
(763, 7, 73, 4000, '828.6', 'H', '2015-02-22 05:59:34', 31, 6, 6, -6.525),
(764, 15, 73, 4000, '870.1', 'H', '2015-02-22 05:59:34', 27, 5, 0, NULL),
(765, 33, 73, 4000, '874.6', 'H', '2015-02-22 05:59:34', 30, 4, 0, NULL),
(766, 5, 73, 4000, '907.7', 'H', '2015-02-22 05:59:34', 25, 3, 0, NULL),
(767, 2, 73, 4000, '960.1', 'H', '2015-02-22 05:59:34', 28, 2, 1, -3.7275),
(768, 9, 73, 4000, '1003.0', 'H', '2015-02-22 05:59:34', 29, 1, 7, -6.83167),
(769, 6, 74, 5793, '1200.0', 'H', '2015-02-22 05:59:34', 27, 14, 8, 5.84828),
(770, 16, 74, 5786, '1200.0', 'H', '2015-02-22 05:59:34', 26, 13, 0, NULL),
(771, 1, 74, 5628, '1200.0', 'H', '2015-02-22 05:59:34', 26, 12, 9, 4.48481),
(772, 4, 74, 5599, '1200.0', 'H', '2015-02-22 05:59:34', 29, 11, 4, 8.08699),
(773, 11, 74, 5530, '1200.0', 'H', '2015-02-22 05:59:34', 19, 10, 0, NULL),
(774, 13, 74, 5378, '1200.0', 'H', '2015-02-22 05:59:34', 26, 9, 3, 8.14064),
(775, 7, 74, 5367, '1200.0', 'H', '2015-02-22 05:59:34', 25, 8, 2, 8.2193),
(776, 20, 74, 5346, '1200.0', 'H', '2015-02-22 05:59:34', 22, 7, 1, 9.47095),
(777, 22, 74, 5217, '1200.0', 'H', '2015-02-22 05:59:34', 26, 6, 0, NULL),
(778, 5, 74, 5197, '1200.0', 'H', '2015-02-22 05:59:34', 26, 5, 10, 1.98872),
(779, 15, 74, 5177, '1200.0', 'H', '2015-02-22 05:59:34', 22, 4, 6, 7.13474),
(780, 33, 74, 5125, '1200.0', 'H', '2015-02-22 05:59:34', 24, 3, 5, 7.74817),
(781, 2, 74, 4935, '1200.0', 'H', '2015-02-22 05:59:34', 27, 2, 11, 1.56805),
(782, 9, 74, 4540, '1200.0', 'H', '2015-02-22 05:59:34', 25, 1, 7, 6.78359),
(783, 11, 75, 9000, '1786.8', 'H', '2015-02-22 05:59:34', 29, 12, 11, -9.23243),
(784, 6, 75, 9000, '1855.4', 'H', '2015-02-22 05:59:34', 27, 11, 5, -0.4955),
(785, 1, 75, 9000, '1902.2', 'H', '2015-02-22 05:59:34', 28, 10, 10, -0.93203),
(786, 4, 75, 9000, '1951.7', 'H', '2015-02-22 05:59:34', 29, 9, 4, 1.26579),
(787, 7, 75, 9000, '2001.6', 'H', '2015-02-22 05:59:34', 24, 8, 7, -0.5943),
(788, 20, 75, 9000, '2008.6', 'H', '2015-02-22 05:59:34', 23, 7, 8, -0.64456),
(789, 18, 75, 9000, '2019.3', 'H', '2015-02-22 05:59:34', 20, 6, 0, NULL),
(790, 13, 75, 9000, '2037.5', 'H', '2015-02-22 05:59:34', 26, 5, 2, 1.6288),
(791, 15, 75, 9000, '2075.7', 'H', '2015-02-22 05:59:34', 24, 4, 6, -0.58057),
(792, 5, 75, 9000, '2113.3', 'H', '2015-02-22 05:59:34', 25, 3, 1, 1.95434),
(793, 2, 75, 9000, '2172.4', 'H', '2015-02-22 05:59:34', 27, 2, 9, -0.89166),
(794, 9, 75, 9000, '2406.6', 'H', '2015-02-22 05:59:34', 26, 1, 3, 1.54141),
(795, 12, 76, 3000, '576.8', 'H', '2015-02-22 05:59:34', 31, 12, 0, NULL),
(796, 18, 76, 3000, '576.9', 'H', '2015-02-22 05:59:34', 35, 11, 10, -16.0333),
(797, 4, 76, 3000, '589.4', 'H', '2015-02-22 05:59:34', 30, 10, 8, -10.1945),
(798, 1, 76, 3000, '601.3', 'H', '2015-02-22 05:59:34', 31, 9, 3, -5.46111),
(799, 7, 76, 3000, '605.5', 'H', '2015-02-22 05:59:34', 29, 8, 9, -10.2833),
(800, 20, 76, 3000, '617.0', 'H', '2015-02-22 05:59:34', 25, 7, 7, -8.75556),
(801, 33, 76, 3000, '649.0', 'H', '2015-02-22 05:59:34', 29, 6, 0, NULL),
(802, 15, 76, 3000, '650.6', 'H', '2015-02-22 05:59:34', 26, 5, 5, -6.88334),
(803, 13, 76, 3000, '651.9', 'H', '2015-02-22 05:59:34', 27, 4, 2, -4.54444),
(804, 5, 76, 3000, '678.6', 'H', '2015-02-22 05:59:34', 26, 3, 1, -4.30556),
(805, 2, 76, 3000, '690.6', 'H', '2015-02-22 05:59:34', 30, 2, 4, -5.58889),
(806, 9, 76, 3000, '752.7', 'H', '2015-02-22 05:59:34', 27, 1, 6, -8.25),
(807, 30, 77, 7010, '1370.4', 'H', '2015-02-22 05:59:34', 24, 19, 0, NULL),
(808, 11, 77, 7010, '1389.7', 'H', '2015-02-22 05:59:34', 27, 18, 0, NULL),
(809, 18, 77, 7010, '1439.6', 'H', '2015-02-22 05:59:34', 31, 17, 3, 6.53188),
(810, 12, 77, 7010, '1443.2', 'H', '2015-02-22 05:59:34', 24, 16, 1, 6.80533),
(811, 6, 77, 7010, '1468.4', 'H', '2015-02-22 05:59:34', 24, 15, 0, NULL),
(812, 4, 77, 7010, '1469.6', 'H', '2015-02-22 05:59:34', 26, 14, 2, 6.58835),
(813, 1, 77, 7010, '1484.2', 'H', '2015-02-22 05:59:34', 27, 13, 6, 5.64638),
(814, 7, 77, 7010, '1494.3', 'H', '2015-02-22 05:59:34', 26, 12, 5, 5.66678),
(815, 15, 77, 7010, '1511.2', 'H', '2015-02-22 05:59:34', 25, 11, 12, -0.64446),
(816, 20, 77, 7010, '1517.9', 'H', '2015-02-22 05:59:34', 24, 10, 7, 5.43343),
(817, 24, 77, 7010, '1525.0', 'H', '2015-02-22 05:59:34', 29, 9, 0, NULL),
(818, 13, 77, 7010, '1584.6', 'H', '2015-02-22 05:59:34', 25, 8, 10, 4.37425),
(819, 33, 77, 7010, '1588.6', 'H', '2015-02-22 05:59:34', 28, 7, 8, 5.14289),
(820, 22, 77, 7010, '1590.2', 'H', '2015-02-22 05:59:34', 26, 6, 0, NULL),
(821, 26, 77, 7010, '1614.5', 'H', '2015-02-22 05:59:34', 0, 5, 0, NULL),
(822, 5, 77, 7010, '1646.5', 'H', '2015-02-22 05:59:34', 25, 4, 11, 4.33937),
(823, 2, 77, 7010, '1695.3', 'H', '2015-02-22 05:59:34', 28, 3, 4, 5.82011),
(824, 9, 77, 7010, '1830.5', 'H', '2015-02-22 05:59:34', 26, 2, 9, 5.11348),
(825, 29, 77, 7010, '2008.8', 'H', '2015-02-22 05:59:34', 0, 1, 0, NULL),
(826, 4, 78, 6000, '1213.7', 'H', '2015-02-22 05:59:34', 30, 12, 11, -3.68001),
(827, 18, 78, 6000, '1226.4', 'H', '2015-02-22 05:59:34', 33, 11, 8, -0.48188),
(828, 1, 78, 6000, '1282.6', 'H', '2015-02-22 05:59:34', 29, 10, 4, 1.02028),
(829, 15, 78, 6000, '1287.1', 'H', '2015-02-22 05:59:34', 26, 9, 9, -0.53054),
(830, 22, 78, 6000, '1290.5', 'H', '2015-02-22 05:59:34', 28, 8, 12, -5.88201),
(831, 20, 78, 6000, '1306.2', 'H', '2015-02-22 05:59:34', 25, 7, 6, 0.58324),
(832, 7, 78, 6000, '1326.0', 'H', '2015-02-22 05:59:34', 24, 6, 1, 3.91655),
(833, 13, 78, 6000, '1348.2', 'H', '2015-02-22 05:59:34', 25, 5, 10, -0.67425),
(834, 33, 78, 6000, '1360.5', 'H', '2015-02-22 05:59:34', 28, 4, 7, 0.06544),
(835, 5, 78, 6000, '1420.3', 'H', '2015-02-22 05:59:34', 20, 3, 5, 0.91896),
(836, 2, 78, 6000, '1488.3', 'H', '2015-02-22 05:59:34', 27, 2, 2, 3.10489),
(837, 9, 78, 6000, '1581.3', 'H', '2015-02-22 05:59:34', 25, 1, 3, 1.21152),
(838, 4, 79, 1609, '318.0', 'H', '2015-02-22 05:59:34', 32, 11, 5, -2.32253),
(839, 18, 79, 1609, '321.3', 'H', '2015-02-22 05:59:34', 33, 10, 6, -2.35538),
(840, 1, 79, 1609, '331.3', 'H', '2015-02-22 05:59:34', 32, 9, 9, -3.93119),
(841, 20, 79, 1609, '333.3', 'H', '2015-02-22 05:59:34', 28, 8, 10, -5.27635),
(842, 15, 79, 1609, '341.3', 'H', '2015-02-22 05:59:34', 27, 7, 3, -1.19867),
(843, 22, 79, 1609, '343.3', 'H', '2015-02-22 05:59:34', 30, 6, 2, -0.8605),
(844, 33, 79, 1609, '352.7', 'H', '2015-02-22 05:59:34', 29, 5, 8, -3.77276),
(845, 13, 79, 1609, '354.2', 'H', '2015-02-22 05:59:34', 29, 4, 4, -2.28163),
(846, 7, 79, 1609, '358.2', 'H', '2015-02-22 05:59:34', 24, 3, 1, 0.81137),
(847, 2, 79, 1609, '389.4', 'H', '2015-02-22 05:59:34', 28, 2, 7, -3.01816),
(848, 9, 79, 1609, '399.8', 'H', '2015-02-22 05:59:34', 28, 1, 11, -7.53634),
(849, 18, 80, 8000, '1705.4', 'H', '2015-02-22 05:59:34', 28, 12, 0, NULL),
(850, 4, 80, 8000, '1705.9', 'H', '2015-02-22 05:59:34', 29, 11, 0, NULL),
(851, 6, 80, 8000, '1751.9', 'H', '2015-02-22 05:59:34', 22, 10, 0, NULL),
(852, 15, 80, 8000, '1769.0', 'H', '2015-02-22 05:59:34', 23, 9, 0, NULL),
(853, 7, 80, 8000, '1774.4', 'H', '2015-02-22 05:59:34', 23, 8, 0, NULL),
(854, 1, 80, 8000, '1789.3', 'H', '2015-02-22 05:59:34', 25, 7, 0, NULL),
(855, 20, 80, 8000, '1831.3', 'H', '2015-02-22 05:59:34', 21, 6, 0, NULL),
(856, 22, 80, 8000, '1861.3', 'H', '2015-02-22 05:59:34', 26, 5, 0, NULL),
(857, 13, 80, 8000, '1883.7', 'H', '2015-02-22 05:59:34', 23, 4, 0, NULL),
(858, 33, 80, 8000, '1948.9', 'H', '2015-02-22 05:59:34', 23, 3, 0, NULL),
(859, 2, 80, 8000, '2208.4', 'H', '2015-02-22 05:59:34', 23, 2, 0, NULL),
(860, 9, 80, 8000, '2263.9', 'H', '2015-02-22 05:59:34', 26, 1, 0, NULL),
(861, 11, 81, 7000, '1412.0', 'H', '2015-02-22 05:59:34', 23, 12, 0, NULL),
(862, 18, 81, 7000, '1461.6', 'H', '2015-02-22 05:59:34', 28, 11, 3, -2.1875),
(863, 4, 81, 7000, '1461.8', 'H', '2015-02-22 05:59:34', 26, 10, 4, -2.20446),
(864, 6, 81, 7000, '1465.4', 'H', '2015-02-22 05:59:34', 24, 9, 7, -4.82232),
(865, 1, 81, 7000, '1512.8', 'H', '2015-02-22 05:59:34', 28, 8, 5, -3.77411),
(866, 15, 81, 7000, '1570.3', 'H', '2015-02-22 05:59:34', 24, 7, 1, 1.60179),
(867, 22, 81, 7000, '1571.9', 'H', '2015-02-22 05:59:34', 27, 6, 6, -4.05268),
(868, 20, 81, 7000, '1604.5', 'H', '2015-02-22 05:59:34', 23, 5, 2, 0.15089),
(869, 33, 81, 7000, '1634.1', 'H', '2015-02-22 05:59:34', 26, 4, 8, -5.08482),
(870, 5, 81, 7000, '1659.8', 'H', '2015-02-22 05:59:34', 25, 3, 0, NULL),
(871, 2, 81, 7000, '1827.8', 'H', '2015-02-22 05:59:34', 25, 2, 10, -7.46786),
(872, 9, 81, 7000, '1878.8', 'H', '2015-02-22 05:59:34', 25, 1, 9, -7.29375),
(873, 18, 82, 6000, '1264.9', 'H', '2015-02-22 05:59:34', 28, 12, 5, 1.00833),
(874, 11, 82, 6000, '1266.0', 'H', '2015-02-22 05:59:34', 20, 11, 3, 4.64286),
(875, 4, 82, 6000, '1283.8', 'H', '2015-02-22 05:59:34', 25, 10, 4, 2.56904),
(876, 15, 82, 6000, '1288.0', 'H', '2015-02-22 05:59:34', 26, 9, 9, -4.83096),
(877, 7, 82, 6000, '1310.4', 'H', '2015-02-22 05:59:34', 24, 8, 0, NULL),
(878, 1, 82, 6000, '1353.9', 'H', '2015-02-22 05:59:34', 25, 7, 2, 4.76786),
(879, 20, 82, 6000, '1366.2', 'H', '2015-02-22 05:59:34', 22, 6, 7, -0.75714),
(880, 33, 82, 6000, '1390.0', 'H', '2015-02-22 05:59:34', 26, 5, 8, -0.8881),
(881, 13, 82, 6000, '1493.2', 'H', '2015-02-22 05:59:34', 22, 4, 0, NULL),
(882, 2, 82, 6000, '1494.9', 'H', '2015-02-22 05:59:34', 27, 3, 10, -5.98214),
(883, 5, 82, 6000, '1496.4', 'H', '2015-02-22 05:59:34', 19, 2, 1, 6.14286),
(884, 9, 82, 6000, '1609.9', 'H', '2015-02-22 05:59:34', 26, 1, 6, -0.04167),
(885, 4, 83, 3000, '600.3', 'H', '2015-02-22 05:59:34', 30, 10, 7, -6.93333),
(886, 18, 83, 3000, '609.0', 'H', '2015-02-22 05:59:34', 35, 9, 3, -3.90833),
(887, 20, 83, 3000, '623.4', 'H', '2015-02-22 05:59:34', 31, 8, 9, -9.95),
(888, 1, 83, 3000, '639.9', 'H', '2015-02-22 05:59:34', 27, 7, 6, -6.175),
(889, 5, 83, 3000, '650.5', 'H', '2015-02-22 05:59:34', 28, 6, 10, -16.2833),
(890, 7, 83, 3000, '657.6', 'H', '2015-02-22 05:59:34', 23, 5, 2, 0.4),
(891, 33, 83, 3000, '659.4', 'H', '2015-02-22 05:59:34', 30, 4, 5, -5.93333),
(892, 15, 83, 3000, '661.4', 'H', '2015-02-22 05:59:34', 28, 3, 1, 2.9),
(893, 2, 83, 3000, '722.9', 'H', '2015-02-22 05:59:34', 29, 2, 4, -4.09167),
(894, 9, 83, 3000, '753.8', 'H', '2015-02-22 05:59:34', 31, 1, 8, -8.525),
(895, 12, 84, 900, '171.0', 'H', '2015-02-22 05:59:34', 25, 12, 0, NULL),
(896, 18, 84, 900, '172.0', 'H', '2015-02-22 05:59:34', 38, 11, 7, -5.94444),
(897, 4, 84, 900, '172.2', 'H', '2015-02-22 05:59:34', 33, 10, 4, -4.38333),
(898, 20, 84, 900, '177.0', 'H', '2015-02-22 05:59:34', 30, 9, 6, -5.56667),
(899, 15, 84, 900, '178.7', 'H', '2015-02-22 05:59:34', 29, 8, 9, -10.9556),
(900, 5, 84, 900, '179.7', 'H', '2015-02-22 05:59:34', 31, 7, 8, -8.58334),
(901, 1, 84, 900, '187.2', 'H', '2015-02-22 05:59:34', 31, 6, 3, -2.65),
(902, 22, 84, 900, '188.0', 'H', '2015-02-22 05:59:34', 30, 5, 0, NULL),
(903, 33, 84, 900, '194.2', 'H', '2015-02-22 05:59:34', 29, 4, 1, -2.01111),
(904, 13, 84, 900, '202.0', 'H', '2015-02-22 05:59:34', 26, 3, 0, NULL),
(905, 2, 84, 900, '208.6', 'H', '2015-02-22 05:59:34', 31, 2, 5, -4.59444),
(906, 9, 84, 900, '221.7', 'H', '2015-02-22 05:59:34', 30, 1, 2, -2.46666),
(907, 18, 85, 10000, '2133.5', 'H', '2015-02-22 05:59:34', 28, 13, 9, 11.1194),
(908, 15, 85, 10000, '2204.8', 'H', '2015-02-22 05:59:34', 24, 12, 10, 10.9622),
(909, 7, 85, 10000, '2246.3', 'H', '2015-02-22 05:59:34', 22, 11, 0, NULL),
(910, 4, 85, 10000, '2248.6', 'H', '2015-02-22 05:59:34', 24, 10, 2, 16.7633),
(911, 20, 85, 10000, '2294.4', 'H', '2015-02-22 05:59:34', 21, 9, 3, 16.3867),
(912, 6, 85, 10000, '2303.5', 'H', '2015-02-22 05:59:34', 22, 8, 0, NULL),
(913, 1, 85, 10000, '2376.8', 'H', '2015-02-22 05:59:34', 19, 7, 7, 14.84),
(914, 22, 85, 10000, '2387.5', 'H', '2015-02-22 05:59:34', 19, 6, 6, 14.9306),
(915, 33, 85, 10000, '2402.8', 'H', '2015-02-22 05:59:34', 23, 5, 8, 12.2511),
(916, 2, 85, 10000, '2531.6', 'H', '2015-02-22 05:59:34', 25, 4, 11, 10.6911),
(917, 13, 85, 10000, '2544.8', 'H', '2015-02-22 05:59:34', 21, 3, 5, 15.0178),
(918, 5, 85, 10000, '2666.2', 'H', '2015-02-22 05:59:34', 22, 2, 1, 33.4767),
(919, 9, 85, 10000, '2786.2', 'H', '2015-02-22 05:59:34', 27, 1, 4, 16.1433),
(920, 12, 86, 3259, '600.0', 'H', '2015-02-22 05:59:34', 28, 12, 0, NULL),
(921, 18, 86, 3199, '600.0', 'H', '2015-02-22 05:59:34', 38, 11, 3, -12.8957),
(922, 4, 86, 3155, '600.0', 'H', '2015-02-22 05:59:34', 35, 10, 6, -17.3428),
(923, 7, 86, 3108, '600.0', 'H', '2015-02-22 05:59:34', 31, 9, 5, -15.7899),
(924, 20, 86, 3087, '600.0', 'H', '2015-02-22 05:59:34', 29, 8, 7, -17.5383),
(925, 22, 86, 3042, '600.0', 'H', '2015-02-22 05:59:34', 32, 7, 9, -20.7557),
(926, 15, 86, 3038, '600.0', 'H', '2015-02-22 05:59:34', 30, 6, 2, -11.4908),
(927, 1, 86, 2967, '600.0', 'H', '2015-02-22 05:59:34', 30, 5, 8, -17.7278),
(928, 5, 86, 2885, '600.0', 'H', '2015-02-22 05:59:34', 29, 4, 11, -29.3239),
(929, 33, 86, 2868, '600.0', 'H', '2015-02-22 05:59:34', 32, 3, 4, -15.5375),
(930, 9, 86, 2536, '600.0', 'H', '2015-02-22 05:59:34', 29, 2, 10, -21.0135),
(931, 2, 86, 2247, '600.0', 'H', '2015-02-22 05:59:34', 22, 1, 1, 6.93135),
(932, 18, 87, 8443, '1800.0', 'H', '2015-02-22 05:59:34', 28, 11, 8, 12.8179),
(933, 15, 87, 8278, '1800.0', 'H', '2015-02-22 05:59:34', 25, 10, 10, 9.97273),
(934, 4, 87, 8171, '1800.0', 'H', '2015-02-22 05:59:34', 24, 9, 5, 15.0585),
(935, 7, 87, 8079, '1800.0', 'H', '2015-02-22 05:59:34', 22, 8, 6, 14.8748),
(936, 1, 87, 8052, '1800.0', 'H', '2015-02-22 05:59:34', 24, 7, 9, 10.6612),
(937, 22, 87, 7880, '1800.0', 'H', '2015-02-22 05:59:34', 26, 6, 4, 15.5939),
(938, 20, 87, 7511, '1800.0', 'H', '2015-02-22 05:59:34', 20, 5, 1, 22.6425),
(939, 5, 87, 7361, '1800.0', 'H', '2015-02-22 05:59:34', 20, 4, 3, 18.2799),
(940, 33, 87, 7199, '1800.0', 'H', '2015-02-22 05:59:34', 23, 3, 2, 20.4149),
(941, 2, 87, 6869, '1800.0', 'H', '2015-02-22 05:59:34', 24, 2, 11, -2.48791),
(942, 9, 87, 6820, '1800.0', 'H', '2015-02-22 05:59:34', 27, 1, 7, 13.6683),
(943, 11, 88, 4000, '733.3', 'H', '2015-02-22 05:59:34', 33, 13, 0, NULL),
(944, 12, 88, 4000, '755.9', 'H', '2015-02-22 05:59:34', 31, 12, 0, NULL),
(945, 4, 88, 4000, '767.9', 'H', '2015-02-22 05:59:34', 31, 11, 5, -14.1581),
(946, 18, 88, 4000, '771.7', 'H', '2015-02-22 05:59:34', 37, 10, 3, -10.1347),
(947, 8, 88, 4000, '772.6', 'H', '2015-02-22 05:59:34', 33, 9, 0, NULL),
(948, 15, 88, 4000, '792.1', 'H', '2015-02-22 05:59:34', 30, 8, 2, -9.70941),
(949, 1, 88, 4000, '802.9', 'H', '2015-02-22 05:59:34', 30, 7, 4, -11.411),
(950, 20, 88, 4000, '825.7', 'H', '2015-02-22 05:59:34', 27, 6, 8, -16.6118),
(951, 5, 88, 4000, '845.0', 'H', '2015-02-22 05:59:34', 29, 5, 9, -16.641),
(952, 33, 88, 4000, '878.7', 'H', '2015-02-22 05:59:34', 28, 4, 6, -15.1799),
(953, 13, 88, 4000, '892.6', 'H', '2015-02-22 05:59:34', 28, 3, 0, NULL),
(954, 2, 88, 4000, '920.3', 'H', '2015-02-22 05:59:34', 30, 2, 7, -15.9859),
(955, 9, 88, 4000, '980.2', 'H', '2015-02-22 05:59:34', 30, 1, 1, -9.43981),
(956, 46, 89, 2000, '388.1', 'H', '2015-02-22 05:59:34', 32, 15, 0, NULL),
(957, 4, 89, 2000, '393.6', 'H', '2015-02-22 05:59:34', 32, 14, 5, 2.4125),
(958, 15, 89, 2000, '400.8', 'H', '2015-02-22 05:59:34', 28, 13, 7, 1.1875),
(959, 1, 89, 2000, '401.3', 'H', '2015-02-22 05:59:34', 30, 12, 8, -0.0375),
(960, 8, 89, 2000, '407.2', 'H', '2015-02-22 05:59:34', 30, 11, 3, 5.225),
(961, 18, 89, 2000, '407.5', 'H', '2015-02-22 05:59:34', 29, 10, 2, 5.4125),
(962, 20, 89, 2000, '407.6', 'H', '2015-02-22 05:59:34', 26, 9, 10, -1.3125),
(963, 35, 89, 2000, '409.6', 'H', '2015-02-22 05:59:34', 33, 8, 0, NULL),
(964, 6, 89, 2000, '423.8', 'H', '2015-02-22 05:59:34', 26, 7, 0, NULL),
(965, 22, 89, 2000, '426.0', 'H', '2015-02-22 05:59:34', 28, 6, 0, NULL),
(966, 33, 89, 2000, '435.4', 'H', '2015-02-22 05:59:34', 29, 5, 9, -0.9875),
(967, 13, 89, 2000, '462.2', 'H', '2015-02-22 05:59:34', 26, 4, 4, 3.975),
(968, 5, 89, 2000, '483.0', 'H', '2015-02-22 05:59:34', 20, 3, 1, 15.125),
(969, 9, 89, 2000, '495.7', 'H', '2015-02-22 05:59:34', 31, 2, 6, 1.4),
(970, 47, 89, 2000, '561.0', 'H', '2015-02-22 05:59:34', 28, 1, 0, NULL),
(971, 4, 90, 1000, '188.3', 'H', '2015-02-22 05:59:34', 37, 12, 6, -4.25),
(972, 18, 90, 1000, '192.8', 'H', '2015-02-22 05:59:34', 36, 11, 8, -5.475),
(973, 15, 90, 1000, '193.4', 'H', '2015-02-22 05:59:34', 32, 10, 5, -3.5),
(974, 35, 90, 1000, '195.4', 'H', '2015-02-22 05:59:34', 37, 9, 7, -4.7),
(975, 20, 90, 1000, '197.6', 'H', '2015-02-22 05:59:34', 30, 8, 4, -3.1),
(976, 1, 90, 1000, '197.8', 'H', '2015-02-22 05:59:34', 33, 7, 1, -1.425),
(977, 7, 90, 1000, '199.2', 'H', '2015-02-22 05:59:34', 32, 6, 0, NULL),
(978, 22, 90, 1000, '202.0', 'H', '2015-02-22 05:59:34', 29, 5, 9, -5.5),
(979, 5, 90, 1000, '202.3', 'H', '2015-02-22 05:59:34', 32, 4, 10, -19.6),
(980, 33, 90, 1000, '214.3', 'H', '2015-02-22 05:59:34', 30, 3, 2, -1.7),
(981, 2, 90, 1000, '238.3', 'H', '2015-02-22 05:59:34', 27, 2, 0, NULL),
(982, 9, 90, 1000, '243.6', 'H', '2015-02-22 05:59:34', 31, 1, 3, -2.125),
(983, 18, 91, 21097, '4635.6', 'H', '2015-02-22 05:59:34', 25, 8, 6, 13.464),
(984, 15, 91, 21097, '4724.2', 'H', '2015-02-22 05:59:34', 24, 7, 5, 15.2638),
(985, 4, 91, 21097, '4872.0', 'H', '2015-02-22 05:59:34', 24, 6, 2, 21.3167),
(986, 20, 91, 21097, '4997.7', 'H', '2015-02-22 05:59:34', 20, 5, 3, 19.6458),
(987, 33, 91, 21097, '5253.5', 'H', '2015-02-22 05:59:34', 23, 4, 4, 17.3582),
(988, 32, 91, 21097, '5342.7', 'H', '2015-02-22 05:59:34', 25, 3, 0, NULL),
(989, 13, 91, 21097, '5559.1', 'H', '2015-02-22 05:59:34', 20, 2, 0, NULL),
(990, 9, 91, 21097, '6239.9', 'H', '2015-02-22 05:59:34', 26, 1, 1, 26.086),
(991, 9, 38, 2431, '600.0', 'H', '2015-02-23 10:28:00', 35, 1, 6, -5.19399),
(1000, 4, 92, 10000, '2158.6', 'H', '2015-03-18 16:10:03', 28, 8, 6, 12.9632),
(997, 6, 92, 10000, '2276.6', 'H', '2015-03-11 21:06:54', 20, 5, 0, NULL),
(996, 9, 92, 10000, '2865.2', 'H', '2015-03-10 18:23:31', 27, 1, 2, 19.854),
(1003, 15, 92, 10000, '2193.1', 'H', '2015-03-24 02:42:13', 24, 7, 7, 12.7871),
(1001, 7, 92, 10000, '2331.6', 'H', '2015-03-22 14:48:18', 22, 4, 3, 18.0902),
(1002, 13, 92, 10000, '2422.6', 'H', '2015-03-23 06:25:19', 23, 3, 4, 17.7174),
(1004, 1, 92, 10000, '2245.4', 'L', '2015-03-30 00:14:36', 24, 6, 5, 14.899),
(1005, 2, 92, 10000, '2709.2', 'L', '2015-03-31 22:24:58', 24, 2, 1, 22.9741),
(1007, 4, 93, 21097, '4786.6', 'H', '2015-04-08 19:34:40', 24, 6, 5, 5.51267),
(1008, 13, 93, 21097, '5512.0', 'H', '2015-04-11 05:04:17', 24, 3, 3, 9.50469),
(1009, 9, 93, 21097, '6897.0', 'H', '2015-04-26 16:00:49', 27, 1, 1, 20.1993),
(1010, 1, 93, 21097, '5056.0', 'L', '2015-04-28 14:13:48', 22, 5, 4, 7.55746),
(1011, 2, 93, 21097, '5779.3', 'L', '2015-04-30 22:27:41', 23, 2, 6, 1.50971),
(1012, 15, 93, 21097, '5136.0', 'H', '2015-05-01 05:52:27', 20, 4, 2, 12.0685),
(1013, 4, 94, 7500, '1623.4', 'H', '2015-05-11 17:53:09', 28, 7, 0, NULL),
(1017, 7, 94, 7500, '1744.5', 'H', '2015-05-21 14:55:10', 22, 3, 0, NULL),
(1019, 1, 94, 7500, '1645.5', 'L', '2015-05-27 00:40:49', 26, 6, 0, NULL),
(1016, 2, 94, 7500, '1918.4', 'L', '2015-05-20 02:52:28', 26, 2, 0, NULL),
(1021, 13, 94, 7500, '1744.1', 'H', '2015-05-29 13:12:49', 27, 4, 0, NULL),
(1020, 6, 94, 7500, '1676.4', 'H', '2015-05-28 18:38:03', 22, 5, 0, NULL),
(1022, 9, 94, 7500, '2102.6', 'H', '2015-05-31 12:48:04', 27, 1, 0, NULL),
(1023, 1, 95, 6000, '1308.9', 'L', '2015-06-04 01:16:33', 27, 6, 4, -0.625),
(1025, 7, 95, 6000, '1378.4', 'H', '2015-06-04 11:46:29', 23, 4, 7, -1.43333),
(1026, 13, 95, 6000, '1396.7', 'H', '2015-06-05 13:11:12', 27, 3, 2, 0.11834),
(1030, 6, 95, 6000, '1328.2', 'H', '2015-06-23 17:54:54', 22, 5, 6, -1.07667),
(1029, 4, 95, 6000, '1286.6', 'H', '2015-06-15 15:52:17', 27, 7, 5, -1.01),
(1031, 2, 95, 6000, '1527.7', 'L', '2015-06-29 22:34:15', 26, 2, 3, -0.585),
(1032, 9, 95, 6000, '1758.7', 'H', '2015-06-30 22:00:51', 25, 1, 1, 6.385),
(1046, 4, 96, 4500, '900.0', 'H', '2015-07-21 18:17:13', 33, 6, 4, -7.21667),
(1034, 7, 96, 4145, '900.0', 'H', '2015-07-09 10:24:42', 27, 3, 3, -6.30213),
(1035, 1, 96, 4288, '900.0', 'L', '2015-07-10 01:09:35', 28, 5, 2, -4.13097),
(1036, 9, 96, 3442, '900.0', 'H', '2015-07-13 09:46:48', 31, 1, 6, -15.8204),
(1047, 13, 96, 4150, '900.0', 'H', '2015-07-25 11:29:04', 27, 4, 5, -7.95794),
(1056, 2, 96, 3514, '900.0', 'L', '2015-08-13 00:04:40', 25, 2, 1, 0.75086),
(1057, 1, 97, 7500, '1699.9', 'L', '2015-08-13 05:01:52', 22, 5, 4, 8.38264),
(1054, 4, 97, 7500, '1655.6', 'H', '2015-08-12 16:17:24', 22, 7, 3, 10.3733),
(1051, 13, 97, 7500, '1786.3', 'H', '2015-08-06 12:44:29', 21, 3, 2, 10.6529),
(1059, 7, 97, 7500, '1728.2', 'H', '2015-08-19 11:10:26', 22, 4, 6, 6.64879),
(1053, 9, 97, 7500, '2202.7', 'H', '2015-08-11 17:19:14', 22, 1, 1, 16.1087),
(1058, 6, 97, 7500, '1684.9', 'H', '2015-08-18 17:12:25', 22, 6, 0, NULL),
(1060, 2, 97, 7500, '2022.6', 'L', '2015-08-29 02:45:44', 22, 2, 5, 6.78081),
(1061, 1, 98, 1609, '335.7', 'L', '2015-09-06 16:54:35', 29, 6, 2, -9.00722),
(1063, 13, 98, 1609, '345.9', 'H', '2015-09-15 11:32:33', 29, 4, 3, -11.5976),
(1064, 4, 98, 1609, '313.6', 'H', '2015-09-15 21:22:39', 34, 8, 4, -12.9215),
(1065, 7, 98, 1609, '343.9', 'H', '2015-09-17 15:20:25', 29, 5, 1, -8.34571),
(1066, 9, 98, 1609, '407.5', 'H', '2015-09-25 15:22:21', 35, 2, 6, -20.2152),
(1067, 2, 98, 1609, '390.9', 'L', '2015-09-29 00:26:15', 29, 3, 5, -13.367),
(1068, 48, 98, 1609, '453.9', 'H', '2015-09-30 16:01:29', 31, 1, 0, NULL),
(1069, 16, 98, 1609, '320.4', 'H', '2015-09-30 16:19:28', 30, 7, 0, NULL),
(1070, 9, 99, 10000, '2860.0', 'H', '2015-10-11 16:12:35', 25, 1, 1, 16.3685),
(1071, 4, 99, 10000, '2228.2', 'H', '2015-10-12 22:53:30', 24, 6, 2, 13.9582),
(1072, 1, 99, 10000, '2249.7', 'L', '2015-10-24 00:52:38', 23, 5, 6, 8.16555),
(1073, 2, 99, 10000, '2619.6', 'L', '2015-10-24 20:38:35', 25, 2, 4, 9.50704),
(1074, 15, 99, 10000, '2306.8', 'H', '2015-10-27 01:19:55', 23, 4, 0, NULL),
(1075, 13, 99, 10000, '2406.5', 'H', '2015-10-31 23:38:44', 24, 3, 3, 12.8359),
(1076, 16, 99, 10000, '2166.5', 'H', '2015-11-01 14:30:23', 23, 7, 5, 8.76005),
(1077, 7, 100, 3000, '617.9', 'H', '2015-11-04 08:25:44', 28, 4, 0, NULL),
(1078, 2, 100, 3000, '717.9', 'L', '2015-11-05 02:54:47', 28, 2, 2, -11.33),
(1079, 4, 100, 3000, '588.5', 'H', '2015-11-10 19:35:22', 31, 6, 3, -13.3267),
(1080, 9, 100, 3000, '765.4', 'H', '2015-11-11 17:17:15', 32, 1, 6, -15.4333),
(1084, 13, 100, 3000, '640.2', 'H', '2015-11-22 02:32:25', 29, 3, 4, -13.625),
(1082, 1, 100, 3000, '607.9', 'L', '2015-11-15 05:50:24', 30, 5, 1, -11.1683),
(1083, 16, 100, 3000, '559.5', 'H', '2015-11-18 20:49:31', 30, 7, 5, -15.075),
(1085, 1, 101, 6000, '1255.4', 'L', '2015-12-02 02:26:19', 29, 4, 5, 3.3),
(1089, 4, 101, 6000, '1237.0', 'H', '2015-12-10 20:41:03', 29, 5, 2, 5),
(1087, 2, 101, 6000, '1442.7', 'L', '2015-12-03 05:03:04', 27, 2, 6, 0.575),
(1088, 16, 101, 6000, '1173.2', 'H', '2015-12-03 21:47:22', 29, 6, 4, 4.51667),
(1091, 9, 101, 6000, '1588.5', 'H', '2015-12-25 21:41:31', 29, 1, 3, 4.80833),
(1092, 7, 101, 6000, '1331.9', 'H', '2015-12-30 17:16:30', 24, 3, 1, 8.00834),
(1099, 4, 102, 2000, '384.6', 'H', '2016-01-29 21:22:00', 33, 6, 4, -6.93333),
(1094, 9, 102, 2000, '502.2', 'H', '2016-01-06 18:53:47', 31, 1, 3, -6.825),
(1095, 1, 102, 2000, '397.8', 'L', '2016-01-08 02:21:27', 32, 5, 2, -5.16667),
(1096, 2, 102, 2000, '469.1', 'L', '2016-01-08 02:21:58', 30, 2, 1, -2.95),
(1098, 7, 102, 2000, '408.0', 'H', '2016-01-13 19:05:14', 30, 4, 5, -8.99167),
(1100, 13, 102, 2000, '417.5', 'H', '2016-01-31 21:27:03', 27, 3, 0, NULL),
(1103, 13, 103, 3250, '694.5', 'H', '2016-02-13 20:02:42', 30, 3, 3, 2.47115),
(1102, 7, 103, 3250, '676.4', 'H', '2016-02-06 16:40:16', 29, 4, 5, 2.06154),
(1104, 4, 103, 3250, '646.1', 'H', '2016-02-17 16:03:31', 30, 6, 2, 3.25),
(1105, 1, 103, 3250, '659.9', 'L', '2016-02-18 02:20:48', 30, 5, 4, 2.07308),
(1106, 2, 103, 3250, '758.2', 'L', '2016-02-18 02:21:51', 29, 2, 6, -0.62885),
(1107, 9, 103, 3250, '843.4', 'H', '2016-02-22 09:43:56', 31, 1, 1, 4.20385),
(1108, 13, 104, 3000, '671.6', 'H', '2016-03-06 17:00:37', 27, 4, 4, 5.08718),
(1109, 16, 104, 3000, '610.1', 'H', '2016-03-07 23:09:52', 27, 7, 0, NULL),
(1111, 4, 104, 3000, '617.8', 'H', '2016-03-15 20:16:26', 27, 6, 5, 3.56667),
(1112, 1, 104, 3000, '623.7', 'L', '2016-03-16 01:46:03', 30, 5, 6, 2.42692),
(1113, 2, 104, 3000, '750.0', 'L', '2016-03-16 01:46:29', 26, 2, 2, 8.35385),
(1114, 9, 104, 3000, '821.5', 'H', '2016-03-16 18:33:53', 27, 1, 3, 7.16282),
(1116, 7, 104, 3000, '725.5', 'H', '2016-03-21 16:43:27', 20, 3, 1, 16.8551),
(1122, 4, 105, 8155, '1800.0', 'H', '2016-04-19 15:21:00', 23, 6, 2, 7.39507),
(1123, 7, 105, 7885, '1800.0', 'H', '2016-04-20 15:02:41', 24, 5, 6, -6.7759),
(1120, 1, 105, 8346, '1800.0', 'L', '2016-04-15 01:54:26', 28, 7, 4, 3.88609),
(1121, 2, 105, 7098, '1800.0', 'L', '2016-04-15 01:54:44', 25, 2, 5, 1.79628),
(1124, 6, 105, 7802, '1800.0', 'H', '2016-04-20 18:49:14', 22, 4, 0, NULL),
(1125, 9, 105, 6293, '1800.0', 'H', '2016-04-29 17:42:38', 26, 1, 3, 6.09938),
(1126, 13, 105, 7354, '1800.0', 'H', '2016-04-30 14:47:24', 23, 3, 1, 10.449),
(1129, 1, 106, 5000, '1100.0', 'L', '2016-05-04 02:11:51', 26, 7, 0, NULL),
(1135, 22, 106, 5000, '1182.0', 'L', '2016-05-07 11:14:14', 25, 3, 0, NULL),
(1144, 7, 106, 5000, '1117.2', 'H', '2016-05-31 08:38:30', 24, 6, 0, NULL),
(1136, 2, 106, 5000, '1285.8', 'L', '2016-05-17 23:59:19', 24, 2, 0, NULL),
(1139, 51, 106, 5000, '1047.9', 'H', '2016-05-18 14:30:20', 26, 9, 0, NULL),
(1140, 33, 106, 5000, '1127.7', 'H', '2016-05-22 21:48:59', 27, 5, 0, NULL),
(1142, 13, 106, 5000, '1167.8', 'H', '2016-05-30 18:11:26', 26, 4, 0, NULL),
(1143, 9, 106, 5000, '1433.1', 'H', '2016-05-30 20:13:47', 26, 1, 0, NULL),
(1145, 4, 106, 5000, '1075.8', 'H', '2016-05-31 20:07:21', 25, 8, 0, NULL),
(1146, 7, 107, 6000, '1314.4', 'H', '2016-06-10 09:17:45', 25, 6, 4, -2.18667),
(1148, 22, 107, 6000, '1390.3', 'L', '2016-06-11 17:17:41', 25, 5, 6, -2.34167),
(1149, 4, 107, 6000, '1245.7', 'H', '2016-06-14 16:21:05', 28, 9, 8, -3.77167),
(1150, 51, 107, 6000, '1258.4', 'H', '2016-06-16 05:14:02', 26, 8, 2, 0.07667),
(1151, 1, 107, 6000, '1292.9', 'L', '2016-06-23 01:58:41', 27, 7, 5, -2.25833),
(1152, 2, 107, 6000, '1496.9', 'L', '2016-06-23 20:57:57', 27, 2, 9, -3.83833),
(1153, 13, 107, 6000, '1395.3', 'H', '2016-06-28 09:16:52', 26, 4, 3, -0.505),
(1154, 9, 107, 6000, '1684.9', 'H', '2016-06-29 16:49:09', 27, 1, 7, -2.90167),
(1156, 20, 108, 10000, '2305.6', 'H', '2016-07-02 19:46:25', 21, 7, 0, NULL),
(1157, 7, 108, 10000, '2328.1', 'H', '2016-07-04 10:46:19', 22, 5, 2, 6.87167),
(1158, 33, 107, 6000, '1426.5', 'H', '2016-07-04 14:23:01', 23, 3, 1, 6.105),
(1160, 1, 108, 10000, '2189.0', 'L', '2016-07-07 20:26:47', 26, 8, 7, 1.70833),
(1161, 4, 108, 10000, '2140.7', 'H', '2016-07-13 16:10:21', 28, 9, 4, 3.22667),
(1162, 22, 108, 10000, '2500.0', 'L', '2016-07-15 16:12:23', 24, 3, 1, 9.14167),
(1163, 6, 108, 10000, '2312.5', 'H', '2016-07-25 18:29:11', 22, 6, 0, NULL),
(1164, 2, 108, 10000, '2554.4', 'L', '2016-07-31 16:43:54', 26, 2, 5, 2.97833),
(1165, 9, 108, 10000, '2861.3', 'H', '2016-07-31 21:03:48', 25, 1, 6, 2.65667),
(1166, 13, 108, 10000, '2457.8', 'H', '2016-07-31 21:59:41', 26, 4, 3, 6.615),
(1182, 1, 109, 7876, '1800.0', 'H', '2016-08-29 02:51:51', 20, 7, 2, 4.8212),
(1168, 13, 109, 7408, '1800.0', 'H', '2016-08-06 17:54:08', 20, 4, 7, -1.39972),
(1181, 20, 109, 8012, '1800.0', 'H', '2016-08-28 18:06:57', 20, 8, 8, -2.9485),
(1170, 4, 109, 8091, '1800.0', 'H', '2016-08-06 19:57:50', 20, 9, 3, 4.19971),
(1177, 6, 109, 7868, '1800.0', 'H', '2016-08-18 18:15:53', 20, 6, 6, -1.23761),
(1176, 2, 109, 6398, '1800.0', 'L', '2016-08-15 17:54:49', 20, 2, 1, 12.949),
(1178, 9, 109, 6146, '1800.0', 'H', '2016-08-19 10:43:38', 20, 1, 4, 3.37171),
(1179, 7, 109, 7593, '1800.0', 'H', '2016-08-22 15:36:33', 20, 5, 5, 2.12523),
(1180, 52, 109, 7214, '1800.0', 'H', '2016-08-24 13:14:08', 20, 3, 0, NULL),
(1192, 1, 110, 6000, '1257.6', 'L', '2016-09-24 18:52:50', 28, 9, 7, -9.4712),
(1184, 2, 110, 6000, '1482.4', 'L', '2016-09-04 07:31:11', 27, 3, 9, -17.1356),
(1188, 20, 110, 6000, '1316.0', 'H', '2016-09-11 17:49:37', 22, 6, 4, -2.66483),
(1186, 9, 110, 6000, '1727.5', 'H', '2016-09-10 11:05:23', 26, 1, 3, -2.47838),
(1190, 7, 110, 6000, '1308.4', 'H', '2016-09-15 14:36:40', 25, 7, 8, -9.4969),
(1189, 6, 110, 6000, '1344.9', 'H', '2016-09-14 19:07:17', 22, 5, 2, -2.31239),
(1191, 4, 110, 6000, '1288.9', 'H', '2016-09-19 14:34:23', 27, 8, 5, -3.82638),
(1193, 13, 110, 6000, '1559.2', 'H', '2016-09-29 22:28:38', 24, 2, 1, 8.44305),
(1194, 52, 110, 6000, '1394.8', 'H', '2016-09-30 11:01:06', 25, 4, 6, -8.52409),
(1195, 20, 111, 4000, '814.0', 'H', '2016-10-09 18:35:15', 26, 4, 4, -7.91667),
(1196, 1, 111, 4000, '809.5', 'L', '2016-10-17 00:13:53', 32, 5, 1, -3.6125),
(1197, 2, 111, 4000, '951.2', 'L', '2016-10-17 00:14:18', 31, 2, 2, -4.63333),
(1198, 7, 111, 4000, '819.1', 'H', '2016-10-18 15:20:56', 30, 3, 3, -6.64583),
(1199, 4, 111, 4000, '788.8', 'H', '2016-10-18 19:18:52', 33, 6, 5, -8.80833),
(1200, 9, 111, 4000, '1077.4', 'H', '2016-10-23 14:26:27', 28, 1, 6, -9.28333),
(1201, 7, 112, 3000, '685.8', 'H', '2016-11-09 15:17:40', 20, 5, 1, 11.9125),
(1202, 9, 112, 3000, '830.1', 'H', '2016-11-09 20:38:12', 28, 1, 4, 3.675),
(1227, 1, 112, 3000, '612.2', 'L', '2016-12-01 03:32:08', 31, 8, 5, 0.84583),
(1206, 2, 112, 3000, '747.8', 'L', '2016-11-18 22:12:10', 26, 2, 2, 5.73333),
(1226, 4, 112, 3000, '616.8', 'H', '2016-11-30 20:50:12', 31, 6, 3, 4.2),
(1210, 13, 112, 3000, '733.5', 'H', '2016-11-30 09:16:34', 26, 4, 0, NULL),
(1211, 52, 112, 3000, '739.3', 'H', '2016-11-30 15:51:29', 28, 3, 0, NULL),
(1212, 16, 112, 3000, '614.6', 'H', '2016-11-30 18:47:28', 23, 7, 0, NULL),
(1245, 13, 114, 5000, '1193.7', 'H', '2016-12-31 18:41:27', 26, 5, 7, -2.88),
(1244, 4, 114, 5000, '1053.3', 'H', '2016-12-31 02:08:45', 28, 10, 2, 2.53),
(1230, 9, 114, 5000, '1410.9', 'H', '2016-12-04 19:03:01', 26, 1, 1, 2.74),
(1246, 1, 114, 5000, '1038.9', 'L', '2016-12-31 23:04:34', 32, 11, 3, 1.85667),
(1240, 16, 114, 5000, '1032.7', 'H', '2016-12-31 01:39:24', 27, 12, 4, 0.83667),
(1249, 2, 114, 5000, '1223.8', 'L', '2016-12-31 23:10:40', 28, 3, 6, -2.25333),
(1236, 6, 114, 5000, '1107.4', 'H', '2016-12-20 21:55:37', 22, 6, 0, NULL),
(1237, 52, 114, 5000, '1212.6', 'H', '2016-12-24 18:44:08', 26, 4, 5, -1.95667),
(1238, 51, 114, 5000, '1067.9', 'H', '2016-12-28 20:53:38', 23, 9, 0, NULL),
(1239, 33, 114, 5000, '1244.3', 'H', '2016-12-29 16:44:29', 20, 2, 0, NULL),
(1250, 8, 114, 5000, '1105.0', 'H', '2017-01-01 00:07:13', 25, 7, 0, NULL),
(1271, 1, 117, 4819, '960.0', 'L', '2017-01-20 17:31:14', 32, 15, 1, -4.28427),
(1267, 2, 117, 4158, '960.0', 'L', '2017-01-18 06:18:52', 31, 5, 5, -6.93988),
(1275, 16, 117, 5109, '960.0', 'H', '2017-01-22 14:18:46', 31, 18, 9, -9.31815),
(1256, 6, 117, 4685, '960.0', 'H', '2017-01-13 20:13:23', 26, 9, 7, -8.28536),
(1259, 29, 117, 3453, '960.0', 'H', '2017-01-13 22:45:23', 29, 1, 0, NULL),
(1280, 52, 117, 4197, '960.0', 'H', '2017-01-30 16:38:06', 28, 6, 4, -6.89259),
(1261, 53, 117, 4722, '960.0', 'H', '2017-01-14 19:31:01', 28, 12, 0, NULL),
(1262, 54, 117, 4129, '960.0', 'H', '2017-01-14 20:11:25', 33, 4, 0, NULL),
(1278, 51, 117, 4910, '960.0', 'H', '2017-01-27 13:20:29', 31, 16, 8, -9.03033),
(1281, 9, 117, 3786, '960.0', 'H', '2017-01-30 21:11:32', 32, 2, 11, -14.3071),
(1268, 4, 117, 4819, '960.0', 'H', '2017-01-19 15:54:37', 32, 15, 2, -5.72427),
(1279, 7, 117, 4733, '960.0', 'H', '2017-01-29 18:22:01', 30, 13, 3, -6.42441),
(1270, 7, 114, 5000, '1078.4', 'H', '2017-01-20 17:08:07', 25, 8, 8, -6.46),
(1277, 13, 117, 4367, '960.0', 'H', '2017-01-27 09:42:46', 29, 7, 10, -9.45473),
(1273, 8, 117, 4693, '960.0', 'H', '2017-01-21 04:36:43', 32, 10, 6, -8.22001),
(1274, 59, 117, 3980, '960.0', 'H', '2017-01-21 04:39:03', 27, 3, 0, NULL),
(1276, 33, 117, 4393, '960.0', 'H', '2017-01-23 17:18:45', 31, 8, 12, -15.1653),
(1282, 56, 117, 4710, '960.0', 'H', '2017-01-31 09:47:22', 30, 11, 0, NULL),
(1284, 60, 117, 5067, '960.0', 'H', '2017-01-31 20:12:58', 34, 17, 0, NULL),
(1285, 9, 119, 2000, '521.3', 'H', '2017-02-03 23:17:35', 31, 1, 1, 3.54212),
(1286, 16, 119, 2000, '386.3', 'H', '2017-02-04 18:24:52', 31, 2, 2, 2.62315);

-- --------------------------------------------------------

--
-- Table structure for table `challenge`
--

CREATE TABLE `challenge` (
  `Id` int(11) NOT NULL,
  `Name` varchar(50) NOT NULL,
  `Month` int(11) NOT NULL,
  `Year` int(11) NOT NULL,
  `Type` enum('D','T') NOT NULL,
  `Description` varchar(255) NOT NULL,
  `Distance` int(11) DEFAULT NULL,
  `Time` decimal(6,1) DEFAULT NULL
) ENGINE=MyISAM DEFAULT CHARSET=latin1;

--
-- Dumping data for table `challenge`
--

INSERT INTO `challenge` (`Id`, `Name`, `Month`, `Year`, `Type`, `Description`, `Distance`, `Time`) VALUES
(16, '30 minutes, unrestricted', 4, 2014, 'T', 'Row as many meters as you can in 30 minutes with no rate restrictions!', 0, '1800.0'),
(17, '3 x 5K, 5\' rest', 5, 2013, 'D', '3 x 5K, 5\' rest', 15000, '0.0'),
(18, '6 x 5\', 2\' rest', 6, 2013, 'T', '6 x 5\', 2\' rest (Enter the meters you rowed in 30\')', NULL, '1800.0'),
(19, '10K', 7, 2013, 'D', '10K', 10000, '0.0'),
(20, '1\'-2\'-3\'-2\'-1\'-2\'-3\'-2\'-1\',  R1', 8, 2013, 'T', '1\'-2\'-3\'-2\'-1\'-2\'-3\'-2\'-1\',  R1  (Enter total meters rowed in 17 minutes.)', NULL, '1020.0'),
(21, '6K', 9, 2013, 'D', '6K', 6000, NULL),
(22, '20 x 30", 30" rest', 10, 2013, 'T', '20 x 30", 30" rest', NULL, '600.0'),
(23, '4 x 750, 2\' rest', 11, 2013, 'D', '4 x 750, 2\' rest', 3000, NULL),
(24, '30r20', 12, 2013, 'T', '30r20', NULL, '1800.0'),
(25, '8 x 500, 2\' rest', 1, 2014, 'D', 'Really, a standard workout?  What kind of challenge is that?', 4000, NULL),
(26, '2K', 2, 2014, 'D', 'HTFU, JFDI, you gotta want it Rita!', 2000, NULL),
(27, '500 meters', 3, 2014, 'D', 'And suffer doing it.', 500, NULL),
(28, '3 x 3K, R3', 5, 2014, 'D', 'Row three 3Ks separated by 3 minutes of restful activity.', 9000, NULL),
(29, '8 x 300, 2\' rest', 6, 2014, 'D', 'Row 8 300s separated by 2\' of restful activity.  Enter your time for the 2400 meters.  Do it very fast!', 2400, NULL),
(30, '750 meters', 7, 2014, 'D', 'Row 750 meters with no rate restrictions', 750, NULL),
(31, '5K', 8, 2014, 'D', '5K, no rate restrictions', 5000, NULL),
(32, '60 minutes', 9, 2014, 'T', 'An hour of power!', NULL, '3600.0'),
(33, 'Kay\'s Revenge', 10, 2014, 'T', '6\' r20, 5\' r22, 4\' r24, 3\' r26 2\' r28, 1\' r30, 4\' rest, repeat', NULL, '2520.0'),
(34, '4 x 2K, 4\'', 11, 2014, 'D', '4 x 2K on 4\' rest, enter the time for 8K excluding rest meters.', 8000, NULL),
(35, '1K', 12, 2014, 'D', 'Row a 1K until death or die trying', 1000, NULL),
(36, 'An easier 4 x 1K', 1, 2015, 'D', '1 x (1K, 4\' rest) + 2 x (750, 3\' rest) + 2 x (500, 2\' rest) + 2 x (250, 1\' rest)', 4000, '0.0'),
(38, '10x1\' R1', 2, 2015, 'T', 'A brutal test of sprinty.  But not as brutal as the rugby test.', NULL, '600.0'),
(39, '30 minutes @ 20 spm', 12, 2008, 'T', '30 minutes @ 20 spm', NULL, '1800.0'),
(40, '4 &times 1000 m, 5\' rest', 1, 2009, 'D', '4 &times 1000 m, 5\' rest', 4000, NULL),
(41, '2000 m', 2, 2009, 'D', '2000 m', 2000, NULL),
(42, '1000 m', 3, 2009, 'D', '1000 m', 1000, NULL),
(43, '6000 m', 4, 2009, 'D', '6000 m', 6000, NULL),
(44, '5000 m', 5, 2009, 'D', '5000 m', 5000, NULL),
(45, '10,000 m', 6, 2009, 'D', '10,000 m', 10000, NULL),
(46, '4  750 m, 3\' rest, @ 24/26/28/30 spm', 7, 2009, 'D', '4  750 m, 3\' rest, @ 24/26/28/30 spm', 3000, NULL),
(47, '2000 m @ 24 spm', 8, 2009, 'D', '2000 m @ 24 spm', 2000, NULL),
(48, '5000 m', 9, 2009, 'D', '5000 m', 5000, NULL),
(49, '3  1000 m, 3\' rest, @ 28 spm', 10, 2009, 'D', '3  1000 m, 3\' rest, @ 28 spm', 3000, NULL),
(50, 'Rugby Test: 1000 m, 3\' rest; 750 m, 2\'30 rest; 500', 11, 2009, 'D', 'Rugby Test: 1000 m, 3\' rest; 750 m, 2\'30 rest; 500 m, 2\' rest; 750 m', 3250, NULL),
(51, '30 minutes', 12, 2009, 'T', '30 minutes', NULL, '1800.0'),
(52, '6  500 m, 1\' rest', 1, 2010, 'D', '6  500 m, 1\' rest', 3000, NULL),
(53, '6000 m', 2, 2010, 'D', '6000 m', 6000, NULL),
(54, '21,097 m', 3, 2010, 'D', '21,097 m', 21097, NULL),
(55, '4  1000 m, 4\' rest', 4, 2010, 'D', '4  1000 m, 4\' rest', 4000, NULL),
(56, '5000 m', 5, 2010, 'D', '5000 m', 5000, NULL),
(57, '10,000 m @ 22 spm', 6, 2010, 'D', '10,000 m @ 22 spm', 10000, NULL),
(58, '8  500 m, 2\' rest', 7, 2010, 'D', '8  500 m, 2\' rest', 4000, NULL),
(59, '6000 m', 8, 2010, 'D', '6000 m', 6000, NULL),
(60, '10  1\', 1\' rest, rolling starts allowed', 9, 2010, 'T', '10  1\', 1\' rest, rolling starts allowed', NULL, '600.0'),
(61, '4  1250 m, 3\'30 rest, @ 28 spm', 10, 2010, 'D', '4  1250 m, 3\'30 rest, @ 28 spm', 5000, NULL),
(62, '2000 m', 11, 2010, 'D', '2000 m', 2000, NULL),
(63, '8000 m @ 24 spm', 12, 2010, 'D', '8000 m @ 24 spm', 8000, NULL),
(64, '5  750 m, 2\' rest', 1, 2011, 'D', '5  750 m, 2\' rest', 3750, NULL),
(65, '30 minutes @ 20 spm', 2, 2011, 'T', '30 minutes @ 20 spm', NULL, '1800.0'),
(66, '4  500 m, 2\' rest', 3, 2011, 'D', '4  500 m, 2\' rest', 2000, NULL),
(67, '1000 m', 4, 2011, 'D', '1000 m', 1000, NULL),
(68, '5000 m', 5, 2011, 'D', '5000 m', 5000, NULL),
(69, '60 minutes', 6, 2011, 'T', '60 minutes', NULL, '3600.0'),
(70, '10,000 m', 7, 2011, 'D', '10,000 m', 10000, NULL),
(71, '5  1000 m, 3\' rest, @ 24 spm', 8, 2011, 'D', '5  1000 m, 3\' rest, @ 24 spm', 5000, NULL),
(72, '4k, 2k, 1k, 500 m  with 2\' rest', 9, 2011, 'D', '4k, 2k, 1k, 500 m  with 2\' rest', 7500, NULL),
(73, '250, 500, 750, 1k,  750, 500, 250 (1\' rest)', 10, 2011, 'D', '250, 500, 750, 1k,  750, 500, 250 (1\' rest)', 4000, NULL),
(74, '20 minutes', 11, 2011, 'T', '20 minutes', NULL, '1200.0'),
(75, '1k, 2k, 3k, 2k, 1k  (2\' rest)', 12, 2011, 'D', '1k, 2k, 3k, 2k, 1k  (2\' rest)', 9000, NULL),
(76, '6  500 m, 1\' rest', 1, 2012, 'D', '6  500 m, 1\' rest', 3000, NULL),
(77, 'for Carole McNally: 5  1402 m, 2\'20 rest', 2, 2012, 'D', 'for Carole McNally: 5  1402 m, 2\'20 rest', 7010, NULL),
(78, '3  2000 m, 5\' rest', 3, 2012, 'D', '3  2000 m, 5\' rest', 6000, NULL),
(79, '1609 m', 4, 2012, 'D', '1609 m', 1609, NULL),
(80, '8000 m strapless', 5, 2012, 'D', '8000 m strapless', 8000, NULL),
(81, '4k, 2k, 1k with 3\' rest', 6, 2012, 'D', '4k, 2k, 1k with 3\' rest', 7000, NULL),
(82, '6000 m', 7, 2012, 'D', '6000 m', 6000, NULL),
(83, '100, 200, 400,  800, 1500 (2\' rest)', 8, 2012, 'D', '100, 200, 400,  800, 1500 (2\' rest)', 3000, NULL),
(84, '900 m', 9, 2012, 'D', '900 m', 900, NULL),
(85, '10,000 m', 10, 2012, 'D', '10,000 m', 10000, NULL),
(86, '10  1\', 1\' rest', 11, 2012, 'T', '10  1\', 1\' rest', NULL, '600.0'),
(87, '30 minutes', 12, 2012, 'T', '30 minutes', NULL, '1800.0'),
(88, '8  500 m, 2\' rest', 1, 2013, 'D', '8  500 m, 2\' rest', 4000, NULL),
(89, '2000 m', 2, 2013, 'D', '2000 m', 2000, NULL),
(90, '1000 m', 3, 2013, 'D', '1000 m', 1000, NULL),
(91, '21,097 m', 4, 2013, 'D', '21,097 m', 21097, NULL),
(92, '10K by Sir P', 3, 2015, 'D', '10K, no restrictions', 10000, '0.0'),
(93, 'HM', 4, 2015, 'D', 'The longest thing we\'ve done in a long time', 21097, NULL),
(94, '3 x 2500, r2', 5, 2015, 'D', '', 7500, '0.0'),
(95, '6K, unrestricted', 6, 2015, 'D', '', 6000, '0.0'),
(96, 'Ladder to Hell', 7, 2015, 'T', '1min, 2 min, 3min, 4min, 5min with 2min rest<br> Enter your total meters for the 15 minutes', 0, '900.0'),
(97, '7500 meters, r22', 8, 2015, 'D', '', 7500, '0.0'),
(98, '1609 meters', 9, 2015, 'D', '(a mile)', 1609, '0.0'),
(99, '10K', 10, 2015, 'D', '10,000 meters with no rate restrictions', 10000, '0.0'),
(100, '6 x 500, r1', 11, 2015, 'D', '6 x 500 on 1 minute rest, enter your time for 3000 meters', 3000, '0.0'),
(101, '8 x 750, r1', 12, 2015, 'D', '8 x 750 on 1 minute rest, enter your time for 6000 meters.  Have fun!', 6000, '0.0'),
(102, '4 x 500, r1', 1, 2016, 'D', '4 x 500 meters on 1 minute rest, enter your time for 2000 meters.  Suffer mightily!', 2000, '0.0'),
(103, 'Rugby Test', 2, 2016, 'D', '1000m R3:00, 750m R2:30, 500m R2:00, 250m R2:00, 750m', 3250, '0.0'),
(104, '3K', 3, 2016, 'D', '', 3000, '0.0'),
(105, '30 minutes', 4, 2016, 'T', '', 0, '1800.0'),
(106, '5K', 5, 2016, 'D', '', 5000, '0.0'),
(107, '3 x 2K, r3', 6, 2016, 'D', 'Row three 2Ks with 3 minutes recovery between each.  And have fun!', 6000, '0.0'),
(108, '2 x 5K, r3', 7, 2016, 'D', 'Row two 5Ks with 3 minutes recovery between each.  If you are not suffering, then you are not doing it right!', 10000, '0.0'),
(109, '30r20', 8, 2016, 'T', '', 0, '1800.0'),
(110, '6 km', 9, 2016, 'D', '', 6000, '0.0'),
(111, 'The Revenge of Tinpusher', 10, 2016, 'D', '250, 500, 750, 1k, 750, 500, 250 on 1 minute rest.', 4000, '0.0'),
(112, '3000 meters', 11, 2016, 'D', '', 3000, '0.0'),
(114, '5000 meters', 12, 2016, 'D', '', 5000, '0.0'),
(117, '8 x 2\' r2', 1, 2017, 'T', 'Row for 2 minutes then rest 2 minutes.  Then do that 7 more times.  Record the distance rowed in the sixteen non-rest minutes.', 0, '960.0'),
(119, '2K', 2, 2017, 'D', 'The most hated and feared event.  Ever.', 2000, '0.0');

-- --------------------------------------------------------

--
-- Table structure for table `current`
--

CREATE TABLE `current` (
  `Id` int(11) NOT NULL,
  `ChallengeId` int(11) NOT NULL,
  `StartActive` timestamp NOT NULL DEFAULT CURRENT_TIMESTAMP,
  `EndActive` timestamp NULL DEFAULT NULL
) ENGINE=MyISAM DEFAULT CHARSET=latin1;

--
-- Dumping data for table `current`
--

INSERT INTO `current` (`Id`, `ChallengeId`, `StartActive`, `EndActive`) VALUES
(1, 16, '2014-04-20 03:57:57', '2014-05-01 14:05:43'),
(2, 17, '2014-05-01 14:05:43', '2014-05-01 14:08:17'),
(3, 28, '2014-05-01 14:08:17', '2014-06-01 14:54:51'),
(4, 17, '2014-06-01 14:54:51', '2014-06-01 14:57:42'),
(5, 29, '2014-06-01 14:57:42', '2014-07-02 05:37:39'),
(6, 30, '2014-07-02 05:37:39', '2014-08-04 01:55:57'),
(7, 31, '2014-08-04 01:55:57', '2014-09-02 04:08:40'),
(8, 32, '2014-09-02 04:08:40', '2014-10-03 04:33:13'),
(9, 33, '2014-10-03 04:33:13', '2014-11-03 04:19:09'),
(10, 34, '2014-11-03 04:19:09', '2014-12-06 04:20:58'),
(11, 35, '2014-12-06 04:20:58', '2015-01-02 06:37:38'),
(12, 36, '2015-01-02 06:41:40', '2015-02-05 05:00:22'),
(13, 17, '2015-02-05 05:00:22', '2015-02-05 05:07:18'),
(14, 38, '2015-02-05 05:07:18', '2015-03-09 14:55:16'),
(15, 92, '2015-03-09 14:55:17', '2015-04-08 05:17:35'),
(16, 93, '2015-04-08 05:17:35', '2015-05-10 02:09:07'),
(17, 93, '2015-05-10 02:09:07', '2015-05-10 02:11:02'),
(18, 94, '2015-05-10 02:11:02', '2015-06-03 15:07:45'),
(19, 95, '2015-06-03 15:07:45', '2015-07-02 05:23:53'),
(20, 96, '2015-07-02 05:23:53', '2015-08-03 17:18:42'),
(21, 97, '2015-08-03 17:18:42', '2015-09-06 16:53:26'),
(22, 98, '2015-09-06 16:53:26', '2015-10-07 19:54:59'),
(23, 99, '2015-10-07 19:54:59', '2015-11-04 05:38:51'),
(24, 100, '2015-11-04 05:38:51', '2015-12-02 02:25:26'),
(25, 101, '2015-12-02 02:25:27', '2016-01-02 22:48:24'),
(26, 102, '2016-01-02 22:48:24', '2016-02-05 02:58:48'),
(27, 103, '2016-02-05 02:58:48', '2016-03-05 19:16:20'),
(28, 104, '2016-03-05 19:16:20', '2016-04-06 13:12:24'),
(29, 105, '2016-04-06 13:12:24', '2016-05-03 04:04:08'),
(30, 106, '2016-05-03 04:04:08', '2016-06-10 09:10:35'),
(31, 107, '2016-06-10 09:14:23', '2016-07-02 14:30:36'),
(32, 108, '2016-07-02 14:30:36', '2016-08-06 17:26:18'),
(33, 109, '2016-08-06 17:26:18', '2016-09-03 14:42:09'),
(34, 110, '2016-09-03 14:42:09', '2016-10-08 04:03:21'),
(35, 111, '2016-10-08 04:03:21', '2016-11-09 13:58:57'),
(36, 112, '2016-11-09 13:58:57', '2016-12-04 05:39:01'),
(39, 115, '2017-01-02 19:53:38', '2017-01-02 19:56:26'),
(38, 114, '2016-12-04 05:41:20', '2017-01-02 19:53:38'),
(40, 116, '2017-01-02 19:56:26', '2017-01-02 19:57:25'),
(41, 117, '2017-01-02 20:16:56', '2017-02-03 05:10:15'),
(43, 119, '2017-02-03 05:10:15', NULL);

-- --------------------------------------------------------

--
-- Stand-in structure for view `summary_points`
-- (See below for the actual view)
--
CREATE TABLE `summary_points` (
`AthleteId` int(11)
,`ChallengeId` int(11)
,`PacePoints` decimal(32,0)
,`GainPoints` decimal(32,0)
);

-- --------------------------------------------------------

--
-- Structure for view `summary_points`
--
DROP TABLE IF EXISTS `summary_points`;

CREATE ALGORITHM=UNDEFINED DEFINER=`oarsome`@`173.236.128.0/255.255.128.0` SQL SECURITY DEFINER VIEW `summary_points`  AS  select `a`.`AthleteId` AS `AthleteId`,`c`.`Id` AS `ChallengeId`,sum(`a`.`PacePoints`) AS `PacePoints`,sum(`a`.`GainPoints`) AS `GainPoints` from ((`attempt` `a` join `challenge` `cmain`) join `challenge` `c`) where ((`a`.`ChallengeId` = `cmain`.`Id`) and (((`c`.`Month` <= 4) and (((`cmain`.`Year` = `c`.`Year`) and (`cmain`.`Month` <= `c`.`Month`)) or (((`cmain`.`Year` + 1) = `c`.`Year`) and (`cmain`.`Month` >= 5)))) or ((`c`.`Month` >= 5) and (`cmain`.`Year` = `c`.`Year`) and (`cmain`.`Month` <= `c`.`Month`) and (`cmain`.`Month` >= 5)))) group by `a`.`AthleteId`,`c`.`Id` ;

--
-- Indexes for dumped tables
--

--
-- Indexes for table `athlete`
--
ALTER TABLE `athlete`
  ADD PRIMARY KEY (`Id`),
  ADD UNIQUE KEY `Name` (`Name`);

--
-- Indexes for table `attempt`
--
ALTER TABLE `attempt`
  ADD PRIMARY KEY (`Id`);

--
-- Indexes for table `challenge`
--
ALTER TABLE `challenge`
  ADD PRIMARY KEY (`Id`);

--
-- Indexes for table `current`
--
ALTER TABLE `current`
  ADD PRIMARY KEY (`Id`);

--
-- AUTO_INCREMENT for dumped tables
--

--
-- AUTO_INCREMENT for table `athlete`
--
ALTER TABLE `athlete`
  MODIFY `Id` int(11) NOT NULL AUTO_INCREMENT, AUTO_INCREMENT=61;
--
-- AUTO_INCREMENT for table `attempt`
--
ALTER TABLE `attempt`
  MODIFY `Id` int(11) NOT NULL AUTO_INCREMENT, AUTO_INCREMENT=1287;
--
-- AUTO_INCREMENT for table `challenge`
--
ALTER TABLE `challenge`
  MODIFY `Id` int(11) NOT NULL AUTO_INCREMENT, AUTO_INCREMENT=120;
--
-- AUTO_INCREMENT for table `current`
--
ALTER TABLE `current`
  MODIFY `Id` int(11) NOT NULL AUTO_INCREMENT, AUTO_INCREMENT=44;
/*!40101 SET CHARACTER_SET_CLIENT=@OLD_CHARACTER_SET_CLIENT */;
/*!40101 SET CHARACTER_SET_RESULTS=@OLD_CHARACTER_SET_RESULTS */;
/*!40101 SET COLLATION_CONNECTION=@OLD_COLLATION_CONNECTION */;
